match_id,season_year,season_label,match_date,match_number,event_name,city,venue,team1,team2,toss_winner,toss_decision,match_winner,team1_won,result,win_by_runs,win_by_wickets,player_of_match,balls_per_over,overs,format,match_type,gender,team_type,team1_id,team2_id,toss_winner_id,match_winner_id,player_of_match_id
335982,2008,2008,2008-04-18,1.0,Indian Premier League,Bangalore,"M Chinnaswamy Stadium, Bengaluru",Royal Challengers Bangalore,Kolkata Knight Riders,Royal Challengers Bangalore,field,Kolkata Knight Riders,0.0,win,140.0,,BB McCullum,6,20,T20,T20,male,club,1,6,1,6.0,46.0
335983,2008,2008,2008-04-19,2.0,Indian Premier League,Chandigarh,"Punjab Cricket Association IS Bindra Stadium, Mohali",Punjab Kings,Chennai Super Kings,Chennai Super Kings,bat,Chennai Super Kings,0.0,win,33.0,,MEK Hussey,6,20,T20,T20,male,club,494,129,129,129.0,11943.0
335984,2008,2008,2008-04-19,3.0,Indian Premier League,Delhi,"Arun Jaitley Stadium, Delhi",Delhi Capitals,Rajasthan Royals,Rajasthan Royals,bat,Delhi Capitals,1.0,win,,9.0,MF Maharoof,6,20,T20,T20,male,club,252,134,134,252.0,11982.0
335985,2008,2008,2008-04-20,5.0,Indian Premier League,Mumbai,"Wankhede Stadium, Mumbai",Mumbai Indians,Royal Challengers Bangalore,Mumbai Indians,bat,Royal Challengers Bangalore,0.0,win,,5.0,MV Boucher,6,20,T20,T20,male,club,3,1,3,1.0,11935.0
335986,2008,2008,2008-04-20,4.0,Indian Premier League,Kolkata,"Eden Gardens, Kolkata",Kolkata Knight Riders,Sunrisers Hyderabad,Sunrisers Hyderabad,bat,Kolkata Knight Riders,1.0,win,,5.0,DJ Hussey,6,20,T20,T20,male,club,6,2,2,6.0,11922.0
335987,2008,2008,2008-04-21,6.0,Indian Premier League,Jaipur,"Sawai Mansingh Stadium, Jaipur",Rajasthan Royals,Punjab Kings,Punjab Kings,bat,Rajasthan Royals,1.0,win,,6.0,SR Watson,6,20,T20,T20,male,club,134,494,494,134.0,5.0
335988,2008,2008,2008-04-22,7.0,Indian Premier League,Hyderabad,"Rajiv Gandhi International Stadium, Uppal, Hyderabad",Sunrisers Hyderabad,Delhi Capitals,Sunrisers Hyderabad,bat,Delhi Capitals,0.0,win,,9.0,V Sehwag,6,20,T20,T20,male,club,2,252,2,252.0,11975.0
335989,2008,2008,2008-04-23,8.0,Indian Premier League,Chennai,"MA Chidambaram Stadium, Chepauk, Chennai",Chennai Super Kings,Mumbai Indians,Mumbai Indians,field,Chennai Super Kings,1.0,win,6.0,,ML Hayden,6,20,T20,T20,male,club,129,3,3,129.0,11942.0
335990,2008,2008,2008-04-24,9.0,Indian Premier League,Hyderabad,"Rajiv Gandhi International Stadium, Uppal, Hyderabad",Sunrisers Hyderabad,Rajasthan Royals,Rajasthan Royals,field,Rajasthan Royals,0.0,win,,3.0,YK Pathan,6,20,T20,T20,male,club,2,134,134,134.0,60.0
335991,2008,2008,2008-04-25,10.0,Indian Premier League,Chandigarh,"Punjab Cricket Association IS Bindra Stadium, Mohali",Punjab Kings,Mumbai Indians,Mumbai Indians,field,Punjab Kings,1.0,win,66.0,,KC Sangakkara,6,20,T20,T20,male,club,494,3,3,494.0,11954.0
335992,2008,2008,2008-04-26,12.0,Indian Premier League,Bangalore,"M Chinnaswamy Stadium, Bengaluru",Royal Challengers Bangalore,Rajasthan Royals,Rajasthan Royals,field,Rajasthan Royals,0.0,win,,7.0,SR Watson,6,20,T20,T20,male,club,1,134,134,134.0,5.0
335993,2008,2008,2008-04-26,11.0,Indian Premier League,Chennai,"MA Chidambaram Stadium, Chepauk, Chennai",Chennai Super Kings,Kolkata Knight Riders,Kolkata Knight Riders,bat,Chennai Super Kings,1.0,win,,9.0,JDP Oram,6,20,T20,T20,male,club,129,6,6,129.0,11946.0
335994,2008,2008,2008-04-27,14.0,Indian Premier League,Mumbai,"Dr DY Patil Sports Academy, Mumbai",Mumbai Indians,Sunrisers Hyderabad,Sunrisers Hyderabad,field,Sunrisers Hyderabad,0.0,win,,10.0,AC Gilchrist,6,20,T20,T20,male,club,3,2,2,2.0,12007.0
335995,2008,2008,2008-04-27,13.0,Indian Premier League,Chandigarh,"Punjab Cricket Association IS Bindra Stadium, Mohali",Punjab Kings,Delhi Capitals,Delhi Capitals,bat,Punjab Kings,1.0,win,,4.0,SM Katich,6,20,T20,T20,male,club,494,252,252,494.0,11956.0
335996,2008,2008,2008-04-28,15.0,Indian Premier League,Bangalore,"M Chinnaswamy Stadium, Bengaluru",Royal Challengers Bangalore,Chennai Super Kings,Chennai Super Kings,bat,Chennai Super Kings,0.0,win,13.0,,MS Dhoni,6,20,T20,T20,male,club,1,129,129,129.0,38.0
335997,2008,2008,2008-04-29,16.0,Indian Premier League,Kolkata,"Eden Gardens, Kolkata",Kolkata Knight Riders,Mumbai Indians,Kolkata Knight Riders,bat,Mumbai Indians,0.0,win,,7.0,ST Jayasuriya,6,20,T20,T20,male,club,6,3,6,3.0,11986.0
335998,2008,2008,2008-04-30,17.0,Indian Premier League,Delhi,"Arun Jaitley Stadium, Delhi",Delhi Capitals,Royal Challengers Bangalore,Royal Challengers Bangalore,field,Delhi Capitals,1.0,win,10.0,,GD McGrath,6,20,T20,T20,male,club,252,1,1,252.0,11984.0
335999,2008,2008,2008-05-01,19.0,Indian Premier League,Hyderabad,"Rajiv Gandhi International Stadium, Uppal, Hyderabad",Sunrisers Hyderabad,Punjab Kings,Punjab Kings,field,Punjab Kings,0.0,win,,7.0,SE Marsh,6,20,T20,T20,male,club,2,494,494,494.0,541.0
336000,2008,2008,2008-05-01,18.0,Indian Premier League,Jaipur,"Sawai Mansingh Stadium, Jaipur",Rajasthan Royals,Kolkata Knight Riders,Rajasthan Royals,bat,Rajasthan Royals,1.0,win,45.0,,SA Asnodkar,6,20,T20,T20,male,club,134,6,134,134.0,12327.0
336001,2008,2008,2008-05-02,20.0,Indian Premier League,Chennai,"MA Chidambaram Stadium, Chepauk, Chennai",Chennai Super Kings,Delhi Capitals,Chennai Super Kings,bat,Delhi Capitals,0.0,win,,8.0,V Sehwag,6,20,T20,T20,male,club,129,252,129,252.0,11975.0
336003,2008,2008,2008-05-03,22.0,Indian Premier League,Chandigarh,"Punjab Cricket Association IS Bindra Stadium, Mohali",Punjab Kings,Kolkata Knight Riders,Punjab Kings,bat,Punjab Kings,1.0,win,9.0,,IK Pathan,6,20,T20,T20,male,club,494,6,494,494.0,811.0
336034,2008,2008,2008-05-03,21.0,Indian Premier League,Bangalore,"M Chinnaswamy Stadium, Bengaluru",Royal Challengers Bangalore,Sunrisers Hyderabad,Sunrisers Hyderabad,field,Royal Challengers Bangalore,1.0,win,3.0,,P Kumar,6,20,T20,T20,male,club,1,2,2,1.0,52.0
336004,2008,2008,2008-05-04,23.0,Indian Premier League,Mumbai,"Dr DY Patil Sports Academy, Mumbai",Mumbai Indians,Delhi Capitals,Delhi Capitals,field,Mumbai Indians,1.0,win,29.0,,SM Pollock,6,20,T20,T20,male,club,3,252,252,3.0,11991.0
336005,2008,2008,2008-05-04,24.0,Indian Premier League,Jaipur,"Sawai Mansingh Stadium, Jaipur",Rajasthan Royals,Chennai Super Kings,Chennai Super Kings,bat,Rajasthan Royals,1.0,win,,8.0,Sohail Tanvir,6,20,T20,T20,male,club,134,129,129,134.0,12147.0
336006,2008,2008,2008-05-05,25.0,Indian Premier League,Bangalore,"M Chinnaswamy Stadium, Bengaluru",Royal Challengers Bangalore,Punjab Kings,Punjab Kings,field,Punjab Kings,0.0,win,,6.0,S Sreesanth,6,20,T20,T20,male,club,1,494,494,494.0,11962.0
336007,2008,2008,2008-05-06,26.0,Indian Premier League,Chennai,"MA Chidambaram Stadium, Chepauk, Chennai",Chennai Super Kings,Sunrisers Hyderabad,Sunrisers Hyderabad,field,Sunrisers Hyderabad,0.0,win,,7.0,AC Gilchrist,6,20,T20,T20,male,club,129,2,2,2.0,12007.0
336008,2008,2008,2008-05-07,27.0,Indian Premier League,Mumbai,"Dr DY Patil Sports Academy, Mumbai",Mumbai Indians,Rajasthan Royals,Mumbai Indians,field,Mumbai Indians,1.0,win,,7.0,A Nehra,6,20,T20,T20,male,club,3,134,3,3.0,21.0
336009,2008,2008,2008-05-08,28.0,Indian Premier League,Delhi,"Arun Jaitley Stadium, Delhi",Delhi Capitals,Chennai Super Kings,Chennai Super Kings,field,Chennai Super Kings,0.0,win,,4.0,MS Dhoni,6,20,T20,T20,male,club,252,129,129,129.0,38.0
336010,2008,2008,2008-05-08,29.0,Indian Premier League,Kolkata,"Eden Gardens, Kolkata",Kolkata Knight Riders,Royal Challengers Bangalore,Kolkata Knight Riders,bat,Kolkata Knight Riders,1.0,win,5.0,,SC Ganguly,6,20,T20,T20,male,club,6,1,6,6.0,11919.0
336011,2008,2008,2008-05-09,30.0,Indian Premier League,Jaipur,"Sawai Mansingh Stadium, Jaipur",Rajasthan Royals,Sunrisers Hyderabad,Rajasthan Royals,field,Rajasthan Royals,1.0,win,,8.0,YK Pathan,6,20,T20,T20,male,club,134,2,134,134.0,60.0
336013,2008,2008,2008-05-10,31.0,Indian Premier League,Chennai,"MA Chidambaram Stadium, Chepauk, Chennai",Chennai Super Kings,Punjab Kings,Punjab Kings,field,Chennai Super Kings,1.0,win,18.0,,L Balaji,6,20,T20,T20,male,club,129,494,494,129.0,12523.0
336014,2008,2008,2008-05-11,32.0,Indian Premier League,Hyderabad,"Rajiv Gandhi International Stadium, Uppal, Hyderabad",Sunrisers Hyderabad,Kolkata Knight Riders,Kolkata Knight Riders,bat,Kolkata Knight Riders,0.0,win,23.0,,SC Ganguly,6,20,T20,T20,male,club,2,6,6,6.0,11919.0
336015,2008,2008,2008-05-11,33.0,Indian Premier League,Jaipur,"Sawai Mansingh Stadium, Jaipur",Rajasthan Royals,Delhi Capitals,Rajasthan Royals,field,Rajasthan Royals,1.0,win,,3.0,SR Watson,6,20,T20,T20,male,club,134,252,134,134.0,5.0
336016,2008,2008,2008-05-12,34.0,Indian Premier League,Chandigarh,"Punjab Cricket Association IS Bindra Stadium, Mohali",Punjab Kings,Royal Challengers Bangalore,Royal Challengers Bangalore,bat,Punjab Kings,1.0,win,,9.0,SE Marsh,6,20,T20,T20,male,club,494,1,1,494.0,541.0
336017,2008,2008,2008-05-13,35.0,Indian Premier League,Kolkata,"Eden Gardens, Kolkata",Kolkata Knight Riders,Delhi Capitals,Kolkata Knight Riders,bat,Kolkata Knight Riders,1.0,win,23.0,,Shoaib Akhtar,6,20,T20,T20,male,club,6,252,6,6.0,12710.0
336018,2008,2008,2008-05-14,36.0,Indian Premier League,Mumbai,"Wankhede Stadium, Mumbai",Mumbai Indians,Chennai Super Kings,Mumbai Indians,field,Mumbai Indians,1.0,win,,9.0,ST Jayasuriya,6,20,T20,T20,male,club,3,129,3,3.0,11986.0
336020,2008,2008,2008-05-15,37.0,Indian Premier League,Delhi,"Arun Jaitley Stadium, Delhi",Delhi Capitals,Sunrisers Hyderabad,Sunrisers Hyderabad,field,Delhi Capitals,1.0,win,12.0,,A Mishra,6,20,T20,T20,male,club,252,2,2,252.0,185.0
336021,2008,2008,2008-05-16,38.0,Indian Premier League,Mumbai,"Wankhede Stadium, Mumbai",Mumbai Indians,Kolkata Knight Riders,Mumbai Indians,field,Mumbai Indians,1.0,win,,8.0,SM Pollock,6,20,T20,T20,male,club,3,6,3,3.0,11991.0
336022,2008,2008,2008-05-17,40.0,Indian Premier League,Delhi,"Arun Jaitley Stadium, Delhi",Delhi Capitals,Punjab Kings,Delhi Capitals,bat,Punjab Kings,0.0,win,6.0,,DPMD Jayawardene,6,20,T20,T20,male,club,252,494,252,494.0,12032.0
336023,2008,2008,2008-05-17,39.0,Indian Premier League,Jaipur,"Sawai Mansingh Stadium, Jaipur",Rajasthan Royals,Royal Challengers Bangalore,Royal Challengers Bangalore,field,Rajasthan Royals,1.0,win,65.0,,GC Smith,6,20,T20,T20,male,club,134,1,1,134.0,12107.0
336024,2008,2008,2008-05-18,42.0,Indian Premier League,Hyderabad,"Rajiv Gandhi International Stadium, Uppal, Hyderabad",Sunrisers Hyderabad,Mumbai Indians,Sunrisers Hyderabad,field,Mumbai Indians,0.0,win,25.0,,DJ Bravo,6,20,T20,T20,male,club,2,3,2,3.0,1393.0
336025,2008,2008,2008-05-18,41.0,Indian Premier League,Kolkata,"Eden Gardens, Kolkata",Kolkata Knight Riders,Chennai Super Kings,Kolkata Knight Riders,bat,Chennai Super Kings,0.0,win,3.0,,M Ntini,6,20,T20,T20,male,club,6,129,6,129.0,12345.0
336026,2008,2008,2008-05-19,43.0,Indian Premier League,Bangalore,"M Chinnaswamy Stadium, Bengaluru",Royal Challengers Bangalore,Delhi Capitals,Delhi Capitals,field,Delhi Capitals,0.0,win,,5.0,SP Goswami,6,20,T20,T20,male,club,1,252,252,252.0,2295.0
336027,2008,2008,2008-05-20,44.0,Indian Premier League,Kolkata,"Eden Gardens, Kolkata",Kolkata Knight Riders,Rajasthan Royals,Rajasthan Royals,field,Rajasthan Royals,0.0,win,,6.0,YK Pathan,6,20,T20,T20,male,club,6,134,134,134.0,60.0
336028,2008,2008,2008-05-21,45.0,Indian Premier League,Mumbai,"Wankhede Stadium, Mumbai",Mumbai Indians,Punjab Kings,Mumbai Indians,field,Punjab Kings,0.0,win,1.0,,SE Marsh,6,20,T20,T20,male,club,3,494,3,494.0,541.0
336029,2008,2008,2008-05-21,46.0,Indian Premier League,Chennai,"MA Chidambaram Stadium, Chepauk, Chennai",Chennai Super Kings,Royal Challengers Bangalore,Royal Challengers Bangalore,bat,Royal Challengers Bangalore,0.0,win,14.0,,A Kumble,6,20,T20,T20,male,club,129,1,1,1.0,12160.0
336031,2008,2008,2008-05-23,48.0,Indian Premier League,Chandigarh,"Punjab Cricket Association IS Bindra Stadium, Mohali",Punjab Kings,Sunrisers Hyderabad,Punjab Kings,field,Punjab Kings,1.0,win,,6.0,SE Marsh,6,20,T20,T20,male,club,494,2,494,494.0,541.0
336032,2008,2008,2008-05-24,50.0,Indian Premier League,Delhi,"Arun Jaitley Stadium, Delhi",Delhi Capitals,Mumbai Indians,Delhi Capitals,field,Delhi Capitals,1.0,win,,5.0,KD Karthik,6,20,T20,T20,male,club,252,3,252,252.0,49.0
336033,2008,2008,2008-05-24,49.0,Indian Premier League,Chennai,"MA Chidambaram Stadium, Chepauk, Chennai",Chennai Super Kings,Rajasthan Royals,Rajasthan Royals,bat,Rajasthan Royals,0.0,win,10.0,,JA Morkel,6,20,T20,T20,male,club,129,134,134,134.0,12234.0
336002,2008,2008,2008-05-25,51.0,Indian Premier League,Hyderabad,"Rajiv Gandhi International Stadium, Uppal, Hyderabad",Sunrisers Hyderabad,Royal Challengers Bangalore,Sunrisers Hyderabad,bat,Royal Challengers Bangalore,0.0,win,,5.0,R Vinay Kumar,6,20,T20,T20,male,club,2,1,2,1.0,1242.0
336035,2008,2008,2008-05-25,52.0,Indian Premier League,Kolkata,"Eden Gardens, Kolkata",Kolkata Knight Riders,Punjab Kings,Punjab Kings,bat,Kolkata Knight Riders,1.0,win,,3.0,Umar Gul,6,20,T20,T20,male,club,6,494,494,6.0,12323.0
336036,2008,2008,2008-05-26,53.0,Indian Premier League,Jaipur,"Sawai Mansingh Stadium, Jaipur",Rajasthan Royals,Mumbai Indians,Rajasthan Royals,field,Rajasthan Royals,1.0,win,,5.0,Sohail Tanvir,6,20,T20,T20,male,club,134,3,134,134.0,12147.0
336037,2008,2008,2008-05-27,54.0,Indian Premier League,Hyderabad,"Rajiv Gandhi International Stadium, Uppal, Hyderabad",Sunrisers Hyderabad,Chennai Super Kings,Sunrisers Hyderabad,bat,Chennai Super Kings,0.0,win,,7.0,SK Raina,6,20,T20,T20,male,club,2,129,2,129.0,47.0
336012,2008,2008,2008-05-28,55.0,Indian Premier League,Bangalore,"M Chinnaswamy Stadium, Bengaluru",Royal Challengers Bangalore,Mumbai Indians,Mumbai Indians,field,Mumbai Indians,0.0,win,,9.0,CRD Fernando,6,20,T20,T20,male,club,1,3,3,3.0,12269.0
336019,2008,2008,2008-05-28,56.0,Indian Premier League,Chandigarh,"Punjab Cricket Association IS Bindra Stadium, Mohali",Punjab Kings,Rajasthan Royals,Rajasthan Royals,field,Punjab Kings,1.0,win,41.0,,SE Marsh,6,20,T20,T20,male,club,494,134,134,494.0,541.0
336038,2008,2008,2008-05-30,,Indian Premier League,Mumbai,"Wankhede Stadium, Mumbai",Delhi Capitals,Rajasthan Royals,Delhi Capitals,field,Rajasthan Royals,0.0,win,105.0,,SR Watson,6,20,T20,T20,male,club,252,134,252,134.0,5.0
336039,2008,2008,2008-05-31,,Indian Premier League,Mumbai,"Wankhede Stadium, Mumbai",Chennai Super Kings,Punjab Kings,Punjab Kings,bat,Chennai Super Kings,1.0,win,,9.0,M Ntini,6,20,T20,T20,male,club,129,494,494,129.0,12345.0
336040,2008,2008,2008-06-01,,Indian Premier League,Mumbai,"Dr DY Patil Sports Academy, Mumbai",Chennai Super Kings,Rajasthan Royals,Rajasthan Royals,field,Rajasthan Royals,0.0,win,,3.0,YK Pathan,6,20,T20,T20,male,club,129,134,134,134.0,60.0
392181,2009,2009,2009-04-18,1.0,Indian Premier League,Cape Town,Newlands,Chennai Super Kings,Mumbai Indians,Chennai Super Kings,field,Mumbai Indians,0.0,win,19.0,,SR Tendulkar,6,20,T20,T20,male,club,129,3,129,3.0,12580.0
392182,2009,2009,2009-04-18,2.0,Indian Premier League,Cape Town,Newlands,Royal Challengers Bangalore,Rajasthan Royals,Royal Challengers Bangalore,bat,Royal Challengers Bangalore,1.0,win,75.0,,R Dravid,6,20,T20,T20,male,club,1,134,1,1.0,11930.0
392183,2009,2009,2009-04-19,3.0,Indian Premier League,Cape Town,Newlands,Delhi Capitals,Punjab Kings,Delhi Capitals,field,Delhi Capitals,1.0,win,,10.0,DL Vettori,6,20,T20,T20,male,club,252,494,252,252.0,11981.0
392184,2009,2009,2009-04-19,4.0,Indian Premier League,Cape Town,Newlands,Sunrisers Hyderabad,Kolkata Knight Riders,Kolkata Knight Riders,bat,Sunrisers Hyderabad,1.0,win,,8.0,RP Singh,6,20,T20,T20,male,club,2,6,6,2.0,12016.0
392185,2009,2009,2009-04-20,5.0,Indian Premier League,Port Elizabeth,St George's Park,Royal Challengers Bangalore,Chennai Super Kings,Chennai Super Kings,bat,Chennai Super Kings,0.0,win,92.0,,M Muralitharan,6,20,T20,T20,male,club,1,129,129,129.0,11951.0
392186,2009,2009,2009-04-21,6.0,Indian Premier League,Durban,Kingsmead,Punjab Kings,Kolkata Knight Riders,Kolkata Knight Riders,field,Kolkata Knight Riders,0.0,win,11.0,,CH Gayle,6,20,T20,T20,male,club,494,6,6,6.0,1.0
392188,2009,2009,2009-04-22,8.0,Indian Premier League,Cape Town,Newlands,Royal Challengers Bangalore,Sunrisers Hyderabad,Sunrisers Hyderabad,bat,Sunrisers Hyderabad,0.0,win,24.0,,AC Gilchrist,6,20,T20,T20,male,club,1,2,2,2.0,12007.0
392189,2009,2009,2009-04-23,9.0,Indian Premier League,Durban,Kingsmead,Chennai Super Kings,Delhi Capitals,Delhi Capitals,bat,Delhi Capitals,0.0,win,9.0,,AB de Villiers,6,20,T20,T20,male,club,129,252,252,252.0,245.0
392190,2009,2009,2009-04-23,10.0,Indian Premier League,Cape Town,Newlands,Kolkata Knight Riders,Rajasthan Royals,Kolkata Knight Riders,field,Rajasthan Royals,0.0,tie,,,YK Pathan,6,20,T20,T20,male,club,6,134,6,134.0,60.0
392191,2009,2009,2009-04-24,11.0,Indian Premier League,Durban,Kingsmead,Royal Challengers Bangalore,Punjab Kings,Royal Challengers Bangalore,bat,Punjab Kings,0.0,win,,7.0,RS Bopara,6,20,T20,T20,male,club,1,494,1,494.0,13250.0
392192,2009,2009,2009-04-25,12.0,Indian Premier League,Durban,Kingsmead,Sunrisers Hyderabad,Mumbai Indians,Sunrisers Hyderabad,bat,Sunrisers Hyderabad,1.0,win,12.0,,PP Ojha,6,20,T20,T20,male,club,2,3,2,2.0,12017.0
392194,2009,2009,2009-04-26,14.0,Indian Premier League,Port Elizabeth,St George's Park,Royal Challengers Bangalore,Delhi Capitals,Royal Challengers Bangalore,bat,Delhi Capitals,0.0,win,,6.0,TM Dilshan,6,20,T20,T20,male,club,1,252,1,252.0,12650.0
392195,2009,2009,2009-04-26,15.0,Indian Premier League,Cape Town,Newlands,Punjab Kings,Rajasthan Royals,Punjab Kings,bat,Punjab Kings,1.0,win,27.0,,KC Sangakkara,6,20,T20,T20,male,club,494,134,494,494.0,11954.0
392196,2009,2009,2009-04-27,16.0,Indian Premier League,Durban,Kingsmead,Chennai Super Kings,Sunrisers Hyderabad,Sunrisers Hyderabad,field,Sunrisers Hyderabad,0.0,win,,6.0,HH Gibbs,6,20,T20,T20,male,club,129,2,2,2.0,12295.0
392197,2009,2009,2009-04-27,17.0,Indian Premier League,Port Elizabeth,St George's Park,Kolkata Knight Riders,Mumbai Indians,Mumbai Indians,bat,Mumbai Indians,0.0,win,92.0,,SR Tendulkar,6,20,T20,T20,male,club,6,3,3,3.0,12580.0
392198,2009,2009,2009-04-28,18.0,Indian Premier League,Centurion,SuperSport Park,Delhi Capitals,Rajasthan Royals,Delhi Capitals,bat,Rajasthan Royals,0.0,win,,5.0,YK Pathan,6,20,T20,T20,male,club,252,134,252,134.0,60.0
392199,2009,2009,2009-04-29,19.0,Indian Premier League,Durban,Kingsmead,Royal Challengers Bangalore,Kolkata Knight Riders,Kolkata Knight Riders,bat,Royal Challengers Bangalore,1.0,win,,5.0,MV Boucher,6,20,T20,T20,male,club,1,6,6,1.0,11935.0
392200,2009,2009,2009-04-29,20.0,Indian Premier League,Durban,Kingsmead,Punjab Kings,Mumbai Indians,Punjab Kings,bat,Punjab Kings,1.0,win,3.0,,KC Sangakkara,6,20,T20,T20,male,club,494,3,494,494.0,11954.0
392201,2009,2009,2009-04-30,21.0,Indian Premier League,Centurion,SuperSport Park,Sunrisers Hyderabad,Delhi Capitals,Delhi Capitals,field,Delhi Capitals,0.0,win,,6.0,DP Nannes,6,20,T20,T20,male,club,2,252,252,252.0,13245.0
392202,2009,2009,2009-04-30,22.0,Indian Premier League,Centurion,SuperSport Park,Chennai Super Kings,Rajasthan Royals,Rajasthan Royals,field,Chennai Super Kings,1.0,win,38.0,,SK Raina,6,20,T20,T20,male,club,129,134,134,129.0,47.0
392203,2009,2009,2009-05-01,23.0,Indian Premier League,East London,Buffalo Park,Kolkata Knight Riders,Mumbai Indians,Mumbai Indians,bat,Mumbai Indians,0.0,win,9.0,,JP Duminy,6,20,T20,T20,male,club,6,3,3,3.0,1964.0
392204,2009,2009,2009-05-01,24.0,Indian Premier League,Durban,Kingsmead,Royal Challengers Bangalore,Punjab Kings,Royal Challengers Bangalore,bat,Royal Challengers Bangalore,1.0,win,8.0,,Yuvraj Singh,6,20,T20,T20,male,club,1,494,1,1.0,15.0
392205,2009,2009,2009-05-02,25.0,Indian Premier League,Port Elizabeth,St George's Park,Sunrisers Hyderabad,Rajasthan Royals,Sunrisers Hyderabad,bat,Rajasthan Royals,0.0,win,,3.0,YK Pathan,6,20,T20,T20,male,club,2,134,2,134.0,60.0
392206,2009,2009,2009-05-02,26.0,Indian Premier League,Johannesburg,New Wanderers Stadium,Chennai Super Kings,Delhi Capitals,Delhi Capitals,field,Chennai Super Kings,1.0,win,18.0,,SB Jakati,6,20,T20,T20,male,club,129,252,252,129.0,53.0
392207,2009,2009,2009-05-03,27.0,Indian Premier League,Port Elizabeth,St George's Park,Punjab Kings,Kolkata Knight Riders,Kolkata Knight Riders,bat,Punjab Kings,1.0,win,,6.0,DPMD Jayawardene,6,20,T20,T20,male,club,494,6,6,494.0,12032.0
392208,2009,2009,2009-05-03,28.0,Indian Premier League,Johannesburg,New Wanderers Stadium,Royal Challengers Bangalore,Mumbai Indians,Mumbai Indians,bat,Royal Challengers Bangalore,1.0,win,,9.0,JH Kallis,6,20,T20,T20,male,club,1,3,3,1.0,11933.0
392209,2009,2009,2009-05-04,29.0,Indian Premier League,East London,Buffalo Park,Chennai Super Kings,Sunrisers Hyderabad,Chennai Super Kings,bat,Chennai Super Kings,1.0,win,78.0,,MS Dhoni,6,20,T20,T20,male,club,129,2,129,129.0,38.0
392210,2009,2009,2009-05-05,30.0,Indian Premier League,Durban,Kingsmead,Punjab Kings,Rajasthan Royals,Punjab Kings,field,Rajasthan Royals,0.0,win,78.0,,GC Smith,6,20,T20,T20,male,club,494,134,494,134.0,12107.0
392211,2009,2009,2009-05-05,31.0,Indian Premier League,Durban,Kingsmead,Delhi Capitals,Kolkata Knight Riders,Kolkata Knight Riders,bat,Delhi Capitals,1.0,win,,9.0,G Gambhir,6,20,T20,T20,male,club,252,6,6,252.0,56.0
392212,2009,2009,2009-05-06,32.0,Indian Premier League,Centurion,SuperSport Park,Sunrisers Hyderabad,Mumbai Indians,Sunrisers Hyderabad,bat,Sunrisers Hyderabad,1.0,win,19.0,,RG Sharma,6,20,T20,T20,male,club,2,3,2,2.0,25.0
392213,2009,2009,2009-05-07,33.0,Indian Premier League,Centurion,SuperSport Park,Royal Challengers Bangalore,Rajasthan Royals,Rajasthan Royals,field,Rajasthan Royals,0.0,win,,7.0,A Singh,6,20,T20,T20,male,club,1,134,134,134.0,13810.0
392214,2009,2009,2009-05-07,34.0,Indian Premier League,Centurion,SuperSport Park,Chennai Super Kings,Punjab Kings,Chennai Super Kings,bat,Chennai Super Kings,1.0,win,12.0,,ML Hayden,6,20,T20,T20,male,club,129,494,129,129.0,11942.0
392215,2009,2009,2009-05-08,35.0,Indian Premier League,East London,Buffalo Park,Delhi Capitals,Mumbai Indians,Mumbai Indians,bat,Delhi Capitals,1.0,win,,7.0,A Nehra,6,20,T20,T20,male,club,252,3,3,252.0,21.0
392216,2009,2009,2009-05-09,36.0,Indian Premier League,Kimberley,De Beers Diamond Oval,Sunrisers Hyderabad,Punjab Kings,Punjab Kings,field,Punjab Kings,0.0,win,,3.0,DPMD Jayawardene,6,20,T20,T20,male,club,2,494,494,494.0,12032.0
392217,2009,2009,2009-05-09,37.0,Indian Premier League,Kimberley,De Beers Diamond Oval,Chennai Super Kings,Rajasthan Royals,Rajasthan Royals,bat,Chennai Super Kings,1.0,win,,7.0,S Badrinath,6,20,T20,T20,male,club,129,134,134,129.0,11947.0
392218,2009,2009,2009-05-10,38.0,Indian Premier League,Port Elizabeth,St George's Park,Royal Challengers Bangalore,Mumbai Indians,Mumbai Indians,bat,Mumbai Indians,0.0,win,16.0,,JP Duminy,6,20,T20,T20,male,club,1,3,3,3.0,1964.0
392219,2009,2009,2009-05-10,39.0,Indian Premier League,Johannesburg,New Wanderers Stadium,Delhi Capitals,Kolkata Knight Riders,Delhi Capitals,field,Delhi Capitals,1.0,win,,7.0,A Mishra,6,20,T20,T20,male,club,252,6,252,252.0,185.0
392220,2009,2009,2009-05-11,40.0,Indian Premier League,Kimberley,De Beers Diamond Oval,Sunrisers Hyderabad,Rajasthan Royals,Sunrisers Hyderabad,bat,Sunrisers Hyderabad,1.0,win,53.0,,DR Smith,6,20,T20,T20,male,club,2,134,2,2.0,50.0
392221,2009,2009,2009-05-12,41.0,Indian Premier League,Centurion,SuperSport Park,Royal Challengers Bangalore,Kolkata Knight Riders,Royal Challengers Bangalore,field,Royal Challengers Bangalore,1.0,win,,6.0,LRPL Taylor,6,20,T20,T20,male,club,1,6,1,1.0,11998.0
392222,2009,2009,2009-05-12,42.0,Indian Premier League,Centurion,SuperSport Park,Punjab Kings,Mumbai Indians,Punjab Kings,bat,Mumbai Indians,0.0,win,,8.0,Harbhajan Singh,6,20,T20,T20,male,club,494,3,494,3.0,228.0
392223,2009,2009,2009-05-13,43.0,Indian Premier League,Durban,Kingsmead,Sunrisers Hyderabad,Delhi Capitals,Sunrisers Hyderabad,field,Delhi Capitals,0.0,win,12.0,,R Bhatia,6,20,T20,T20,male,club,2,252,2,252.0,40.0
392224,2009,2009,2009-05-14,44.0,Indian Premier League,Durban,Kingsmead,Royal Challengers Bangalore,Chennai Super Kings,Chennai Super Kings,bat,Royal Challengers Bangalore,1.0,win,,2.0,LRPL Taylor,6,20,T20,T20,male,club,1,129,129,1.0,11998.0
392225,2009,2009,2009-05-14,45.0,Indian Premier League,Durban,Kingsmead,Mumbai Indians,Rajasthan Royals,Rajasthan Royals,bat,Rajasthan Royals,0.0,win,2.0,,SK Warne,6,20,T20,T20,male,club,3,134,134,134.0,11971.0
392226,2009,2009,2009-05-15,46.0,Indian Premier League,Bloemfontein,OUTsurance Oval,Delhi Capitals,Punjab Kings,Punjab Kings,field,Punjab Kings,0.0,win,,6.0,B Lee,6,20,T20,T20,male,club,252,494,494,494.0,11959.0
392227,2009,2009,2009-05-16,47.0,Indian Premier League,Port Elizabeth,St George's Park,Chennai Super Kings,Mumbai Indians,Mumbai Indians,bat,Chennai Super Kings,1.0,win,,7.0,ML Hayden,6,20,T20,T20,male,club,129,3,3,129.0,11942.0
392228,2009,2009,2009-05-16,48.0,Indian Premier League,Johannesburg,New Wanderers Stadium,Sunrisers Hyderabad,Kolkata Knight Riders,Sunrisers Hyderabad,field,Sunrisers Hyderabad,1.0,win,,6.0,RG Sharma,6,20,T20,T20,male,club,2,6,2,2.0,25.0
392229,2009,2009,2009-05-17,49.0,Indian Premier League,Johannesburg,New Wanderers Stadium,Sunrisers Hyderabad,Punjab Kings,Sunrisers Hyderabad,field,Punjab Kings,0.0,win,1.0,,Yuvraj Singh,6,20,T20,T20,male,club,2,494,2,494.0,15.0
392230,2009,2009,2009-05-17,50.0,Indian Premier League,Bloemfontein,OUTsurance Oval,Delhi Capitals,Rajasthan Royals,Delhi Capitals,bat,Delhi Capitals,1.0,win,14.0,,AB de Villiers,6,20,T20,T20,male,club,252,134,252,252.0,245.0
392231,2009,2009,2009-05-18,51.0,Indian Premier League,Centurion,SuperSport Park,Chennai Super Kings,Kolkata Knight Riders,Chennai Super Kings,bat,Kolkata Knight Riders,0.0,win,,7.0,BJ Hodge,6,20,T20,T20,male,club,129,6,129,6.0,12318.0
392232,2009,2009,2009-05-19,52.0,Indian Premier League,Johannesburg,New Wanderers Stadium,Royal Challengers Bangalore,Delhi Capitals,Delhi Capitals,bat,Royal Challengers Bangalore,1.0,win,,7.0,JH Kallis,6,20,T20,T20,male,club,1,252,252,1.0,11933.0
392233,2009,2009,2009-05-20,53.0,Indian Premier League,Durban,Kingsmead,Kolkata Knight Riders,Rajasthan Royals,Kolkata Knight Riders,field,Kolkata Knight Riders,1.0,win,,4.0,LR Shukla,6,20,T20,T20,male,club,6,134,6,6.0,11924.0
392234,2009,2009,2009-05-20,54.0,Indian Premier League,Durban,Kingsmead,Chennai Super Kings,Punjab Kings,Chennai Super Kings,bat,Chennai Super Kings,1.0,win,24.0,,M Muralitharan,6,20,T20,T20,male,club,129,494,129,129.0,11951.0
392235,2009,2009,2009-05-21,55.0,Indian Premier League,Centurion,SuperSport Park,Delhi Capitals,Mumbai Indians,Delhi Capitals,field,Delhi Capitals,1.0,win,,4.0,V Sehwag,6,20,T20,T20,male,club,252,3,252,252.0,11975.0
392236,2009,2009,2009-05-21,56.0,Indian Premier League,Centurion,SuperSport Park,Royal Challengers Bangalore,Sunrisers Hyderabad,Royal Challengers Bangalore,bat,Royal Challengers Bangalore,1.0,win,12.0,,MK Pandey,6,20,T20,T20,male,club,1,2,1,1.0,59.0
392237,2009,2009,2009-05-22,,Indian Premier League,Centurion,SuperSport Park,Delhi Capitals,Sunrisers Hyderabad,Sunrisers Hyderabad,field,Sunrisers Hyderabad,0.0,win,,6.0,AC Gilchrist,6,20,T20,T20,male,club,252,2,2,2.0,12007.0
392238,2009,2009,2009-05-23,,Indian Premier League,Johannesburg,New Wanderers Stadium,Royal Challengers Bangalore,Chennai Super Kings,Royal Challengers Bangalore,field,Royal Challengers Bangalore,1.0,win,,6.0,MK Pandey,6,20,T20,T20,male,club,1,129,1,1.0,59.0
392239,2009,2009,2009-05-24,,Indian Premier League,Johannesburg,New Wanderers Stadium,Royal Challengers Bangalore,Sunrisers Hyderabad,Royal Challengers Bangalore,field,Sunrisers Hyderabad,0.0,win,6.0,,A Kumble,6,20,T20,T20,male,club,1,2,1,2.0,12160.0
419106,2010,2010,2010-03-12,1.0,Indian Premier League,Mumbai,"Dr DY Patil Sports Academy, Mumbai",Sunrisers Hyderabad,Kolkata Knight Riders,Sunrisers Hyderabad,field,Kolkata Knight Riders,0.0,win,11.0,,AD Mathews,6,20,T20,T20,male,club,2,6,2,6.0,457.0
419107,2010,2010,2010-03-13,2.0,Indian Premier League,Mumbai,"Brabourne Stadium, Mumbai",Mumbai Indians,Rajasthan Royals,Mumbai Indians,bat,Mumbai Indians,1.0,win,4.0,,YK Pathan,6,20,T20,T20,male,club,3,134,3,3.0,60.0
419108,2010,2010,2010-03-13,3.0,Indian Premier League,Chandigarh,"Punjab Cricket Association IS Bindra Stadium, Mohali",Punjab Kings,Delhi Capitals,Delhi Capitals,field,Delhi Capitals,0.0,win,,5.0,G Gambhir,6,20,T20,T20,male,club,494,252,252,252.0,56.0
419109,2010,2010,2010-03-14,4.0,Indian Premier League,Kolkata,"Eden Gardens, Kolkata",Kolkata Knight Riders,Royal Challengers Bangalore,Kolkata Knight Riders,field,Kolkata Knight Riders,1.0,win,,7.0,MK Tiwary,6,20,T20,T20,male,club,6,1,6,6.0,39.0
419110,2010,2010,2010-03-14,5.0,Indian Premier League,Chennai,"MA Chidambaram Stadium, Chepauk, Chennai",Chennai Super Kings,Sunrisers Hyderabad,Sunrisers Hyderabad,bat,Sunrisers Hyderabad,0.0,win,31.0,,WPUJC Vaas,6,20,T20,T20,male,club,129,2,2,2.0,12015.0
419111,2010,2010,2010-03-15,6.0,Indian Premier League,Ahmedabad,"Narendra Modi Stadium, Ahmedabad",Rajasthan Royals,Delhi Capitals,Delhi Capitals,field,Delhi Capitals,0.0,win,,6.0,V Sehwag,6,20,T20,T20,male,club,134,252,252,252.0,11975.0
419112,2010,2010,2010-03-16,7.0,Indian Premier League,Bangalore,"M Chinnaswamy Stadium, Bengaluru",Royal Challengers Bangalore,Punjab Kings,Punjab Kings,bat,Royal Challengers Bangalore,1.0,win,,8.0,JH Kallis,6,20,T20,T20,male,club,1,494,494,1.0,11933.0
419113,2010,2010,2010-03-16,8.0,Indian Premier League,Kolkata,"Eden Gardens, Kolkata",Kolkata Knight Riders,Chennai Super Kings,Chennai Super Kings,bat,Chennai Super Kings,0.0,win,55.0,,MS Dhoni,6,20,T20,T20,male,club,6,129,129,129.0,38.0
419114,2010,2010,2010-03-17,9.0,Indian Premier League,Delhi,"Arun Jaitley Stadium, Delhi",Delhi Capitals,Mumbai Indians,Delhi Capitals,field,Mumbai Indians,0.0,win,98.0,,SR Tendulkar,6,20,T20,T20,male,club,252,3,252,3.0,12580.0
419115,2010,2010,2010-03-18,10.0,Indian Premier League,Bangalore,"M Chinnaswamy Stadium, Bengaluru",Royal Challengers Bangalore,Rajasthan Royals,Royal Challengers Bangalore,field,Royal Challengers Bangalore,1.0,win,,10.0,JH Kallis,6,20,T20,T20,male,club,1,134,1,1.0,11933.0
419116,2010,2010,2010-03-19,11.0,Indian Premier League,Delhi,"Arun Jaitley Stadium, Delhi",Delhi Capitals,Chennai Super Kings,Delhi Capitals,bat,Chennai Super Kings,0.0,win,,5.0,ML Hayden,6,20,T20,T20,male,club,252,129,252,129.0,11942.0
419117,2010,2010,2010-03-19,12.0,Indian Premier League,Cuttack,Barabati Stadium,Sunrisers Hyderabad,Punjab Kings,Punjab Kings,field,Sunrisers Hyderabad,1.0,win,6.0,,A Symonds,6,20,T20,T20,male,club,2,494,494,2.0,12010.0
419118,2010,2010,2010-03-20,13.0,Indian Premier League,Ahmedabad,"Narendra Modi Stadium, Ahmedabad",Rajasthan Royals,Kolkata Knight Riders,Rajasthan Royals,bat,Rajasthan Royals,1.0,win,34.0,,AA Jhunjhunwala,6,20,T20,T20,male,club,134,6,134,134.0,14485.0
419119,2010,2010,2010-03-20,14.0,Indian Premier League,Mumbai,"Brabourne Stadium, Mumbai",Mumbai Indians,Royal Challengers Bangalore,Mumbai Indians,bat,Royal Challengers Bangalore,0.0,win,,7.0,JH Kallis,6,20,T20,T20,male,club,3,1,3,1.0,11933.0
419120,2010,2010,2010-03-21,15.0,Indian Premier League,Cuttack,Barabati Stadium,Sunrisers Hyderabad,Delhi Capitals,Sunrisers Hyderabad,bat,Sunrisers Hyderabad,1.0,win,10.0,,A Symonds,6,20,T20,T20,male,club,2,252,2,2.0,12010.0
419121,2010,2010,2010-03-21,16.0,Indian Premier League,Chennai,"MA Chidambaram Stadium, Chepauk, Chennai",Chennai Super Kings,Punjab Kings,Chennai Super Kings,field,Punjab Kings,0.0,tie,,,J Theron,6,20,T20,T20,male,club,129,494,129,494.0,14798.0
419122,2010,2010,2010-03-22,17.0,Indian Premier League,Mumbai,"Brabourne Stadium, Mumbai",Mumbai Indians,Kolkata Knight Riders,Kolkata Knight Riders,bat,Mumbai Indians,1.0,win,,7.0,SR Tendulkar,6,20,T20,T20,male,club,3,6,6,3.0,12580.0
419123,2010,2010,2010-03-23,18.0,Indian Premier League,Bangalore,"M Chinnaswamy Stadium, Bengaluru",Royal Challengers Bangalore,Chennai Super Kings,Chennai Super Kings,field,Royal Challengers Bangalore,1.0,win,36.0,,RV Uthappa,6,20,T20,T20,male,club,1,129,129,1.0,58.0
419124,2010,2010,2010-03-24,19.0,Indian Premier League,Chandigarh,"Punjab Cricket Association IS Bindra Stadium, Mohali",Punjab Kings,Rajasthan Royals,Punjab Kings,field,Rajasthan Royals,0.0,win,31.0,,AC Voges,6,20,T20,T20,male,club,494,134,494,134.0,14729.0
419125,2010,2010,2010-03-25,21.0,Indian Premier League,Mumbai,"Brabourne Stadium, Mumbai",Chennai Super Kings,Mumbai Indians,Mumbai Indians,field,Mumbai Indians,0.0,win,,5.0,SR Tendulkar,6,20,T20,T20,male,club,129,3,3,3.0,12580.0
419128,2010,2010,2010-03-25,20.0,Indian Premier League,Bangalore,"M Chinnaswamy Stadium, Bengaluru",Royal Challengers Bangalore,Delhi Capitals,Royal Challengers Bangalore,field,Delhi Capitals,0.0,win,17.0,,KM Jadhav,6,20,T20,T20,male,club,1,252,1,252.0,4.0
419126,2010,2010,2010-03-26,22.0,Indian Premier League,Ahmedabad,"Narendra Modi Stadium, Ahmedabad",Rajasthan Royals,Sunrisers Hyderabad,Sunrisers Hyderabad,bat,Rajasthan Royals,1.0,win,,8.0,YK Pathan,6,20,T20,T20,male,club,134,2,2,134.0,60.0
419127,2010,2010,2010-03-27,23.0,Indian Premier League,Chandigarh,"Punjab Cricket Association IS Bindra Stadium, Mohali",Punjab Kings,Kolkata Knight Riders,Kolkata Knight Riders,bat,Kolkata Knight Riders,0.0,win,39.0,,MK Tiwary,6,20,T20,T20,male,club,494,6,6,6.0,39.0
419129,2010,2010,2010-03-28,24.0,Indian Premier League,Ahmedabad,"Narendra Modi Stadium, Ahmedabad",Rajasthan Royals,Chennai Super Kings,Rajasthan Royals,bat,Rajasthan Royals,1.0,win,17.0,,NV Ojha,6,20,T20,T20,male,club,134,129,134,134.0,18.0
419130,2010,2010,2010-03-28,25.0,Indian Premier League,Mumbai,"Dr DY Patil Sports Academy, Mumbai",Sunrisers Hyderabad,Mumbai Indians,Sunrisers Hyderabad,field,Mumbai Indians,0.0,win,41.0,,Harbhajan Singh,6,20,T20,T20,male,club,2,3,2,3.0,228.0
419131,2010,2010,2010-03-29,26.0,Indian Premier League,Delhi,"Arun Jaitley Stadium, Delhi",Delhi Capitals,Kolkata Knight Riders,Delhi Capitals,bat,Delhi Capitals,1.0,win,40.0,,DA Warner,6,20,T20,T20,male,club,252,6,252,252.0,12.0
419132,2010,2010,2010-03-30,27.0,Indian Premier League,Mumbai,"Brabourne Stadium, Mumbai",Mumbai Indians,Punjab Kings,Mumbai Indians,field,Mumbai Indians,1.0,win,,4.0,SL Malinga,6,20,T20,T20,male,club,3,494,3,3.0,230.0
419133,2010,2010,2010-03-31,28.0,Indian Premier League,Chennai,"MA Chidambaram Stadium, Chepauk, Chennai",Chennai Super Kings,Royal Challengers Bangalore,Royal Challengers Bangalore,bat,Chennai Super Kings,1.0,win,,5.0,M Vijay,6,20,T20,T20,male,club,129,1,1,129.0,1630.0
419134,2010,2010,2010-03-31,29.0,Indian Premier League,Delhi,"Arun Jaitley Stadium, Delhi",Delhi Capitals,Rajasthan Royals,Delhi Capitals,bat,Delhi Capitals,1.0,win,67.0,,KD Karthik,6,20,T20,T20,male,club,252,134,252,252.0,49.0
419135,2010,2010,2010-04-01,30.0,Indian Premier League,Kolkata,"Eden Gardens, Kolkata",Kolkata Knight Riders,Sunrisers Hyderabad,Kolkata Knight Riders,bat,Kolkata Knight Riders,1.0,win,24.0,,SC Ganguly,6,20,T20,T20,male,club,6,2,6,6.0,11919.0
419136,2010,2010,2010-04-02,31.0,Indian Premier League,Chandigarh,"Punjab Cricket Association IS Bindra Stadium, Mohali",Punjab Kings,Royal Challengers Bangalore,Punjab Kings,bat,Royal Challengers Bangalore,0.0,win,,6.0,KP Pietersen,6,20,T20,T20,male,club,494,1,494,1.0,13231.0
419137,2010,2010,2010-04-03,32.0,Indian Premier League,Chennai,"MA Chidambaram Stadium, Chepauk, Chennai",Chennai Super Kings,Rajasthan Royals,Chennai Super Kings,bat,Chennai Super Kings,1.0,win,23.0,,M Vijay,6,20,T20,T20,male,club,129,134,129,129.0,1630.0
419138,2010,2010,2010-04-03,33.0,Indian Premier League,Mumbai,"Brabourne Stadium, Mumbai",Mumbai Indians,Sunrisers Hyderabad,Mumbai Indians,bat,Mumbai Indians,1.0,win,63.0,,AT Rayudu,6,20,T20,T20,male,club,3,2,3,3.0,27.0
419139,2010,2010,2010-04-04,34.0,Indian Premier League,Kolkata,"Eden Gardens, Kolkata",Kolkata Knight Riders,Punjab Kings,Kolkata Knight Riders,bat,Punjab Kings,0.0,win,,8.0,DPMD Jayawardene,6,20,T20,T20,male,club,6,494,6,494.0,12032.0
419140,2010,2010,2010-04-04,35.0,Indian Premier League,Delhi,"Arun Jaitley Stadium, Delhi",Delhi Capitals,Royal Challengers Bangalore,Delhi Capitals,bat,Delhi Capitals,1.0,win,37.0,,PD Collingwood,6,20,T20,T20,male,club,252,1,252,252.0,15003.0
419141,2010,2010,2010-04-05,36.0,Indian Premier League,Nagpur,"Vidarbha Cricket Association Stadium, Jamtha",Sunrisers Hyderabad,Rajasthan Royals,Rajasthan Royals,bat,Rajasthan Royals,0.0,win,2.0,,SK Warne,6,20,T20,T20,male,club,2,134,134,134.0,11971.0
419142,2010,2010,2010-04-06,37.0,Indian Premier League,Chennai,"MA Chidambaram Stadium, Chepauk, Chennai",Chennai Super Kings,Mumbai Indians,Chennai Super Kings,bat,Chennai Super Kings,1.0,win,24.0,,SK Raina,6,20,T20,T20,male,club,129,3,129,129.0,47.0
419143,2010,2010,2010-04-07,38.0,Indian Premier League,Jaipur,"Sawai Mansingh Stadium, Jaipur",Rajasthan Royals,Punjab Kings,Punjab Kings,bat,Rajasthan Royals,1.0,win,,9.0,MJ Lumb,6,20,T20,T20,male,club,134,494,494,134.0,14648.0
419144,2010,2010,2010-04-07,39.0,Indian Premier League,Kolkata,"Eden Gardens, Kolkata",Kolkata Knight Riders,Delhi Capitals,Kolkata Knight Riders,bat,Kolkata Knight Riders,1.0,win,14.0,,SC Ganguly,6,20,T20,T20,male,club,6,252,6,6.0,11919.0
419145,2010,2010,2010-04-08,40.0,Indian Premier League,Bangalore,"M Chinnaswamy Stadium, Bengaluru",Royal Challengers Bangalore,Sunrisers Hyderabad,Sunrisers Hyderabad,field,Sunrisers Hyderabad,0.0,win,,7.0,TL Suman,6,20,T20,T20,male,club,1,2,2,2.0,13595.0
419146,2010,2010,2010-04-09,41.0,Indian Premier League,Chandigarh,"Punjab Cricket Association IS Bindra Stadium, Mohali",Punjab Kings,Mumbai Indians,Mumbai Indians,bat,Punjab Kings,1.0,win,,6.0,KC Sangakkara,6,20,T20,T20,male,club,494,3,3,494.0,11954.0
419147,2010,2010,2010-04-10,42.0,Indian Premier League,Nagpur,"Vidarbha Cricket Association Stadium, Jamtha",Sunrisers Hyderabad,Chennai Super Kings,Chennai Super Kings,bat,Sunrisers Hyderabad,1.0,win,,6.0,RJ Harris,6,20,T20,T20,male,club,2,129,129,2.0,13785.0
419148,2010,2010,2010-04-10,43.0,Indian Premier League,Bangalore,"M Chinnaswamy Stadium, Bengaluru",Royal Challengers Bangalore,Kolkata Knight Riders,Royal Challengers Bangalore,field,Royal Challengers Bangalore,1.0,win,,7.0,R Vinay Kumar,6,20,T20,T20,male,club,1,6,1,1.0,1242.0
419149,2010,2010,2010-04-11,44.0,Indian Premier League,Delhi,"Arun Jaitley Stadium, Delhi",Delhi Capitals,Punjab Kings,Delhi Capitals,bat,Punjab Kings,0.0,win,,7.0,PP Chawla,6,20,T20,T20,male,club,252,494,252,494.0,63.0
419150,2010,2010,2010-04-11,45.0,Indian Premier League,Jaipur,"Sawai Mansingh Stadium, Jaipur",Rajasthan Royals,Mumbai Indians,Rajasthan Royals,field,Mumbai Indians,0.0,win,37.0,,SR Tendulkar,6,20,T20,T20,male,club,134,3,134,3.0,12580.0
419151,2010,2010,2010-04-12,46.0,Indian Premier League,Nagpur,"Vidarbha Cricket Association Stadium, Jamtha",Sunrisers Hyderabad,Royal Challengers Bangalore,Royal Challengers Bangalore,field,Sunrisers Hyderabad,1.0,win,13.0,,Harmeet Singh,6,20,T20,T20,male,club,2,1,1,2.0,13267.0
419152,2010,2010,2010-04-13,47.0,Indian Premier League,Mumbai,"Brabourne Stadium, Mumbai",Mumbai Indians,Delhi Capitals,Mumbai Indians,bat,Mumbai Indians,1.0,win,39.0,,KA Pollard,6,20,T20,T20,male,club,3,252,3,3.0,29.0
419153,2010,2010,2010-04-13,48.0,Indian Premier League,Chennai,"MA Chidambaram Stadium, Chepauk, Chennai",Chennai Super Kings,Kolkata Knight Riders,Kolkata Knight Riders,bat,Chennai Super Kings,1.0,win,,9.0,R Ashwin,6,20,T20,T20,male,club,129,6,6,129.0,1416.0
419154,2010,2010,2010-04-14,49.0,Indian Premier League,Jaipur,"Sawai Mansingh Stadium, Jaipur",Rajasthan Royals,Royal Challengers Bangalore,Rajasthan Royals,bat,Royal Challengers Bangalore,0.0,win,,5.0,KP Pietersen,6,20,T20,T20,male,club,134,1,134,1.0,13231.0
419155,2010,2010,2010-04-15,50.0,Indian Premier League,Chennai,"MA Chidambaram Stadium, Chepauk, Chennai",Chennai Super Kings,Delhi Capitals,Chennai Super Kings,bat,Delhi Capitals,0.0,win,,6.0,G Gambhir,6,20,T20,T20,male,club,129,252,129,252.0,56.0
419156,2010,2010,2010-04-16,51.0,Indian Premier League,Dharamsala,"Himachal Pradesh Cricket Association Stadium, Dharamsala",Punjab Kings,Sunrisers Hyderabad,Sunrisers Hyderabad,field,Sunrisers Hyderabad,0.0,win,,5.0,RG Sharma,6,20,T20,T20,male,club,494,2,2,2.0,25.0
419157,2010,2010,2010-04-17,52.0,Indian Premier League,Bangalore,"M Chinnaswamy Stadium, Bengaluru",Royal Challengers Bangalore,Mumbai Indians,Royal Challengers Bangalore,field,Mumbai Indians,0.0,win,57.0,,R McLaren,6,20,T20,T20,male,club,1,3,1,3.0,14478.0
419158,2010,2010,2010-04-17,53.0,Indian Premier League,Kolkata,"Eden Gardens, Kolkata",Kolkata Knight Riders,Rajasthan Royals,Rajasthan Royals,bat,Kolkata Knight Riders,1.0,win,,8.0,JD Unadkat,6,20,T20,T20,male,club,6,134,134,6.0,438.0
419159,2010,2010,2010-04-18,54.0,Indian Premier League,Dharamsala,"Himachal Pradesh Cricket Association Stadium, Dharamsala",Punjab Kings,Chennai Super Kings,Chennai Super Kings,field,Chennai Super Kings,0.0,win,,6.0,MS Dhoni,6,20,T20,T20,male,club,494,129,129,129.0,38.0
419160,2010,2010,2010-04-18,55.0,Indian Premier League,Delhi,"Arun Jaitley Stadium, Delhi",Delhi Capitals,Sunrisers Hyderabad,Sunrisers Hyderabad,bat,Sunrisers Hyderabad,0.0,win,11.0,,A Symonds,6,20,T20,T20,male,club,252,2,2,2.0,12010.0
419161,2010,2010,2010-04-19,56.0,Indian Premier League,Kolkata,"Eden Gardens, Kolkata",Kolkata Knight Riders,Mumbai Indians,Mumbai Indians,bat,Kolkata Knight Riders,1.0,win,,9.0,M Kartik,6,20,T20,T20,male,club,6,3,3,6.0,11928.0
419162,2010,2010,2010-04-21,,Indian Premier League,Mumbai,"Dr DY Patil Sports Academy, Mumbai",Royal Challengers Bangalore,Mumbai Indians,Mumbai Indians,bat,Mumbai Indians,0.0,win,35.0,,KA Pollard,6,20,T20,T20,male,club,1,3,3,3.0,29.0
419163,2010,2010,2010-04-22,,Indian Premier League,Mumbai,"Dr DY Patil Sports Academy, Mumbai",Chennai Super Kings,Sunrisers Hyderabad,Chennai Super Kings,bat,Chennai Super Kings,1.0,win,38.0,,DE Bollinger,6,20,T20,T20,male,club,129,2,129,129.0,15140.0
419164,2010,2010,2010-04-24,,Indian Premier League,Mumbai,"Dr DY Patil Sports Academy, Mumbai",Royal Challengers Bangalore,Sunrisers Hyderabad,Sunrisers Hyderabad,bat,Royal Challengers Bangalore,1.0,win,,9.0,A Kumble,6,20,T20,T20,male,club,1,2,2,1.0,12160.0
419165,2010,2010,2010-04-25,,Indian Premier League,Mumbai,"Dr DY Patil Sports Academy, Mumbai",Chennai Super Kings,Mumbai Indians,Chennai Super Kings,bat,Chennai Super Kings,1.0,win,22.0,,SK Raina,6,20,T20,T20,male,club,129,3,129,129.0,47.0
501198,2011,2011,2011-04-08,1.0,Indian Premier League,Chennai,"MA Chidambaram Stadium, Chepauk, Chennai",Chennai Super Kings,Kolkata Knight Riders,Chennai Super Kings,bat,Chennai Super Kings,1.0,win,2.0,,S Anirudha,6,20,T20,T20,male,club,129,6,129,129.0,12471.0
501199,2011,2011,2011-04-09,2.0,Indian Premier League,Hyderabad,"Rajiv Gandhi International Stadium, Uppal, Hyderabad",Sunrisers Hyderabad,Rajasthan Royals,Rajasthan Royals,field,Rajasthan Royals,0.0,win,,8.0,SK Trivedi,6,20,T20,T20,male,club,2,134,134,134.0,11972.0
501200,2011,2011,2011-04-09,3.0,Indian Premier League,Kochi,Nehru Stadium,Kochi Tuskers Kerala,Royal Challengers Bangalore,Kochi Tuskers Kerala,bat,Royal Challengers Bangalore,0.0,win,,6.0,AB de Villiers,6,20,T20,T20,male,club,1414,1,1414,1.0,245.0
501201,2011,2011,2011-04-10,4.0,Indian Premier League,Delhi,"Arun Jaitley Stadium, Delhi",Delhi Capitals,Mumbai Indians,Delhi Capitals,bat,Mumbai Indians,0.0,win,,8.0,SL Malinga,6,20,T20,T20,male,club,252,3,252,3.0,230.0
501202,2011,2011,2011-04-10,5.0,Indian Premier League,Mumbai,"Dr DY Patil Sports Academy, Mumbai",Pune Warriors,Punjab Kings,Punjab Kings,bat,Pune Warriors,1.0,win,,7.0,SB Wagh,6,20,T20,T20,male,club,1419,494,494,1419.0,15150.0
501203,2011,2011,2011-04-11,6.0,Indian Premier League,Kolkata,"Eden Gardens, Kolkata",Kolkata Knight Riders,Sunrisers Hyderabad,Kolkata Knight Riders,bat,Kolkata Knight Riders,1.0,win,9.0,,JH Kallis,6,20,T20,T20,male,club,6,2,6,6.0,11933.0
501204,2011,2011,2011-04-12,7.0,Indian Premier League,Jaipur,"Sawai Mansingh Stadium, Jaipur",Rajasthan Royals,Delhi Capitals,Delhi Capitals,bat,Rajasthan Royals,1.0,win,,6.0,SK Warne,6,20,T20,T20,male,club,134,252,252,134.0,11971.0
501205,2011,2011,2011-04-12,8.0,Indian Premier League,Bangalore,"M Chinnaswamy Stadium, Bengaluru",Royal Challengers Bangalore,Mumbai Indians,Mumbai Indians,field,Mumbai Indians,0.0,win,,9.0,SR Tendulkar,6,20,T20,T20,male,club,1,3,3,3.0,12580.0
501206,2011,2011,2011-04-13,9.0,Indian Premier League,Chandigarh,"Punjab Cricket Association IS Bindra Stadium, Mohali",Punjab Kings,Chennai Super Kings,Punjab Kings,field,Punjab Kings,1.0,win,,6.0,PC Valthaty,6,20,T20,T20,male,club,494,129,494,494.0,13383.0
501207,2011,2011,2011-04-13,10.0,Indian Premier League,Mumbai,"Dr DY Patil Sports Academy, Mumbai",Pune Warriors,Kochi Tuskers Kerala,Kochi Tuskers Kerala,bat,Pune Warriors,1.0,win,,4.0,MD Mishra,6,20,T20,T20,male,club,1419,1414,1414,1419.0,14757.0
501208,2011,2011,2011-04-14,11.0,Indian Premier League,Hyderabad,"Rajiv Gandhi International Stadium, Uppal, Hyderabad",Sunrisers Hyderabad,Royal Challengers Bangalore,Royal Challengers Bangalore,field,Sunrisers Hyderabad,1.0,win,33.0,,DW Steyn,6,20,T20,T20,male,club,2,1,1,2.0,3451.0
501209,2011,2011,2011-04-15,12.0,Indian Premier League,Jaipur,"Sawai Mansingh Stadium, Jaipur",Rajasthan Royals,Kolkata Knight Riders,Kolkata Knight Riders,field,Kolkata Knight Riders,0.0,win,,9.0,G Gambhir,6,20,T20,T20,male,club,134,6,6,6.0,56.0
501210,2011,2011,2011-04-15,13.0,Indian Premier League,Mumbai,"Wankhede Stadium, Mumbai",Mumbai Indians,Kochi Tuskers Kerala,Kochi Tuskers Kerala,field,Kochi Tuskers Kerala,0.0,win,,8.0,BB McCullum,6,20,T20,T20,male,club,3,1414,1414,1414.0,46.0
501211,2011,2011,2011-04-16,14.0,Indian Premier League,Chennai,"MA Chidambaram Stadium, Chepauk, Chennai",Chennai Super Kings,Royal Challengers Bangalore,Chennai Super Kings,bat,Chennai Super Kings,1.0,win,21.0,,MEK Hussey,6,20,T20,T20,male,club,129,1,129,129.0,11943.0
501212,2011,2011,2011-04-16,15.0,Indian Premier League,Hyderabad,"Rajiv Gandhi International Stadium, Uppal, Hyderabad",Sunrisers Hyderabad,Punjab Kings,Punjab Kings,field,Punjab Kings,0.0,win,,8.0,PC Valthaty,6,20,T20,T20,male,club,2,494,494,494.0,13383.0
501213,2011,2011,2011-04-17,16.0,Indian Premier League,Mumbai,"Dr DY Patil Sports Academy, Mumbai",Pune Warriors,Delhi Capitals,Delhi Capitals,field,Delhi Capitals,0.0,win,,3.0,Yuvraj Singh,6,20,T20,T20,male,club,1419,252,252,252.0,15.0
501214,2011,2011,2011-04-17,17.0,Indian Premier League,Kolkata,"Eden Gardens, Kolkata",Kolkata Knight Riders,Rajasthan Royals,Kolkata Knight Riders,field,Kolkata Knight Riders,1.0,win,,8.0,L Balaji,6,20,T20,T20,male,club,6,134,6,6.0,12523.0
501215,2011,2011,2011-04-18,18.0,Indian Premier League,Kochi,Nehru Stadium,Kochi Tuskers Kerala,Chennai Super Kings,Kochi Tuskers Kerala,field,Kochi Tuskers Kerala,1.0,win,,7.0,BB McCullum,6,20,T20,T20,male,club,1414,129,1414,1414.0,46.0
501216,2011,2011,2011-04-19,19.0,Indian Premier League,Delhi,"Arun Jaitley Stadium, Delhi",Delhi Capitals,Sunrisers Hyderabad,Sunrisers Hyderabad,bat,Sunrisers Hyderabad,0.0,win,16.0,,S Sohal,6,20,T20,T20,male,club,252,2,2,2.0,12035.0
501218,2011,2011,2011-04-20,21.0,Indian Premier League,Mumbai,"Wankhede Stadium, Mumbai",Mumbai Indians,Pune Warriors,Pune Warriors,bat,Mumbai Indians,1.0,win,,7.0,MM Patel,6,20,T20,T20,male,club,3,1419,1419,3.0,418.0
501219,2011,2011,2011-04-20,22.0,Indian Premier League,Kolkata,"Eden Gardens, Kolkata",Kolkata Knight Riders,Kochi Tuskers Kerala,Kolkata Knight Riders,field,Kochi Tuskers Kerala,0.0,win,6.0,,DPMD Jayawardene,6,20,T20,T20,male,club,6,1414,6,1414.0,12032.0
501220,2011,2011,2011-04-21,23.0,Indian Premier League,Chandigarh,"Punjab Cricket Association IS Bindra Stadium, Mohali",Punjab Kings,Rajasthan Royals,Rajasthan Royals,field,Punjab Kings,1.0,win,48.0,,SE Marsh,6,20,T20,T20,male,club,494,134,134,494.0,541.0
501221,2011,2011,2011-04-22,25.0,Indian Premier League,Mumbai,"Wankhede Stadium, Mumbai",Mumbai Indians,Chennai Super Kings,Chennai Super Kings,field,Mumbai Indians,1.0,win,8.0,,Harbhajan Singh,6,20,T20,T20,male,club,3,129,129,3.0,228.0
501222,2011,2011,2011-04-22,24.0,Indian Premier League,Kolkata,"Eden Gardens, Kolkata",Kolkata Knight Riders,Royal Challengers Bangalore,Royal Challengers Bangalore,field,Royal Challengers Bangalore,0.0,win,,9.0,CH Gayle,6,20,T20,T20,male,club,6,1,1,1.0,1.0
501223,2011,2011,2011-04-23,26.0,Indian Premier League,Delhi,"Arun Jaitley Stadium, Delhi",Delhi Capitals,Punjab Kings,Punjab Kings,field,Delhi Capitals,1.0,win,29.0,,DA Warner,6,20,T20,T20,male,club,252,494,494,252.0,12.0
501224,2011,2011,2011-04-24,27.0,Indian Premier League,Hyderabad,"Rajiv Gandhi International Stadium, Uppal, Hyderabad",Sunrisers Hyderabad,Mumbai Indians,Sunrisers Hyderabad,field,Mumbai Indians,0.0,win,37.0,,SL Malinga,6,20,T20,T20,male,club,2,3,2,3.0,230.0
501225,2011,2011,2011-04-24,28.0,Indian Premier League,Jaipur,"Sawai Mansingh Stadium, Jaipur",Rajasthan Royals,Kochi Tuskers Kerala,Rajasthan Royals,field,Rajasthan Royals,1.0,win,,8.0,SK Warne,6,20,T20,T20,male,club,134,1414,134,134.0,11971.0
501226,2011,2011,2011-04-25,29.0,Indian Premier League,Chennai,"MA Chidambaram Stadium, Chepauk, Chennai",Chennai Super Kings,Pune Warriors,Pune Warriors,field,Chennai Super Kings,1.0,win,25.0,,MEK Hussey,6,20,T20,T20,male,club,129,1419,1419,129.0,11943.0
501227,2011,2011,2011-04-26,30.0,Indian Premier League,Delhi,"Arun Jaitley Stadium, Delhi",Delhi Capitals,Royal Challengers Bangalore,Royal Challengers Bangalore,field,Royal Challengers Bangalore,0.0,win,,3.0,V Kohli,6,20,T20,T20,male,club,252,1,1,1.0,332.0
501228,2011,2011,2011-04-27,31.0,Indian Premier League,Mumbai,"Dr DY Patil Sports Academy, Mumbai",Pune Warriors,Chennai Super Kings,Pune Warriors,bat,Chennai Super Kings,0.0,win,,8.0,DE Bollinger,6,20,T20,T20,male,club,1419,129,1419,129.0,15140.0
501229,2011,2011,2011-04-27,32.0,Indian Premier League,Kochi,Nehru Stadium,Kochi Tuskers Kerala,Sunrisers Hyderabad,Kochi Tuskers Kerala,field,Sunrisers Hyderabad,0.0,win,55.0,,I Sharma,6,20,T20,T20,male,club,1414,2,1414,2.0,308.0
501230,2011,2011,2011-04-28,33.0,Indian Premier League,Delhi,"Arun Jaitley Stadium, Delhi",Delhi Capitals,Kolkata Knight Riders,Delhi Capitals,field,Kolkata Knight Riders,0.0,win,17.0,,MK Tiwary,6,20,T20,T20,male,club,252,6,252,6.0,39.0
501231,2011,2011,2011-04-29,34.0,Indian Premier League,Jaipur,"Sawai Mansingh Stadium, Jaipur",Rajasthan Royals,Mumbai Indians,Rajasthan Royals,field,Rajasthan Royals,1.0,win,,7.0,J Botha,6,20,T20,T20,male,club,134,3,134,134.0,14136.0
501232,2011,2011,2011-04-29,35.0,Indian Premier League,Bangalore,"M Chinnaswamy Stadium, Bengaluru",Royal Challengers Bangalore,Pune Warriors,Pune Warriors,field,Royal Challengers Bangalore,1.0,win,26.0,,V Kohli,6,20,T20,T20,male,club,1,1419,1419,1.0,332.0
501233,2011,2011,2011-04-30,36.0,Indian Premier League,Kochi,Nehru Stadium,Kochi Tuskers Kerala,Delhi Capitals,Delhi Capitals,bat,Delhi Capitals,0.0,win,38.0,,V Sehwag,6,20,T20,T20,male,club,1414,252,252,252.0,11975.0
501234,2011,2011,2011-04-30,37.0,Indian Premier League,Kolkata,"Eden Gardens, Kolkata",Kolkata Knight Riders,Punjab Kings,Kolkata Knight Riders,field,Kolkata Knight Riders,1.0,win,,8.0,Iqbal Abdulla,6,20,T20,T20,male,club,6,494,6,6.0,173.0
501235,2011,2011,2011-05-01,38.0,Indian Premier League,Jaipur,"Sawai Mansingh Stadium, Jaipur",Rajasthan Royals,Pune Warriors,Rajasthan Royals,field,Rajasthan Royals,1.0,win,,6.0,LRPL Taylor,6,20,T20,T20,male,club,134,1419,134,134.0,11998.0
501236,2011,2011,2011-05-01,39.0,Indian Premier League,Chennai,"MA Chidambaram Stadium, Chepauk, Chennai",Chennai Super Kings,Sunrisers Hyderabad,Chennai Super Kings,bat,Chennai Super Kings,1.0,win,19.0,,JA Morkel,6,20,T20,T20,male,club,129,2,129,129.0,12234.0
501237,2011,2011,2011-05-02,40.0,Indian Premier League,Mumbai,"Wankhede Stadium, Mumbai",Mumbai Indians,Punjab Kings,Punjab Kings,field,Mumbai Indians,1.0,win,23.0,,KA Pollard,6,20,T20,T20,male,club,3,494,494,3.0,29.0
501238,2011,2011,2011-05-02,41.0,Indian Premier League,Delhi,"Arun Jaitley Stadium, Delhi",Delhi Capitals,Kochi Tuskers Kerala,Kochi Tuskers Kerala,field,Kochi Tuskers Kerala,0.0,win,,7.0,P Parameswaran,6,20,T20,T20,male,club,252,1414,1414,1414.0,16648.0
501239,2011,2011,2011-05-03,42.0,Indian Premier League,Hyderabad,"Rajiv Gandhi International Stadium, Uppal, Hyderabad",Sunrisers Hyderabad,Kolkata Knight Riders,Sunrisers Hyderabad,field,Kolkata Knight Riders,0.0,win,20.0,,YK Pathan,6,20,T20,T20,male,club,2,6,2,6.0,60.0
501240,2011,2011,2011-05-04,43.0,Indian Premier League,Chennai,"MA Chidambaram Stadium, Chepauk, Chennai",Chennai Super Kings,Rajasthan Royals,Rajasthan Royals,bat,Chennai Super Kings,1.0,win,,8.0,MEK Hussey,6,20,T20,T20,male,club,129,134,134,129.0,11943.0
501241,2011,2011,2011-05-04,44.0,Indian Premier League,Mumbai,"Dr DY Patil Sports Academy, Mumbai",Pune Warriors,Mumbai Indians,Pune Warriors,field,Mumbai Indians,0.0,win,21.0,,R Sharma,6,20,T20,T20,male,club,1419,3,1419,3.0,14765.0
501242,2011,2011,2011-05-05,45.0,Indian Premier League,Kochi,Nehru Stadium,Kochi Tuskers Kerala,Kolkata Knight Riders,Kolkata Knight Riders,field,Kochi Tuskers Kerala,1.0,win,17.0,,BJ Hodge,6,20,T20,T20,male,club,1414,6,6,1414.0,12318.0
501243,2011,2011,2011-05-05,46.0,Indian Premier League,Hyderabad,"Rajiv Gandhi International Stadium, Uppal, Hyderabad",Sunrisers Hyderabad,Delhi Capitals,Delhi Capitals,field,Delhi Capitals,0.0,win,,4.0,V Sehwag,6,20,T20,T20,male,club,2,252,252,252.0,11975.0
501244,2011,2011,2011-05-06,47.0,Indian Premier League,Bangalore,"M Chinnaswamy Stadium, Bengaluru",Royal Challengers Bangalore,Punjab Kings,Punjab Kings,field,Royal Challengers Bangalore,1.0,win,85.0,,CH Gayle,6,20,T20,T20,male,club,1,494,494,1.0,1.0
501245,2011,2011,2011-05-07,48.0,Indian Premier League,Kolkata,"Eden Gardens, Kolkata",Kolkata Knight Riders,Chennai Super Kings,Chennai Super Kings,bat,Kolkata Knight Riders,1.0,win,10.0,,Iqbal Abdulla,6,20,T20,T20,male,club,6,129,129,6.0,173.0
501246,2011,2011,2011-05-07,49.0,Indian Premier League,Mumbai,"Wankhede Stadium, Mumbai",Mumbai Indians,Delhi Capitals,Delhi Capitals,field,Mumbai Indians,1.0,win,32.0,,AT Rayudu,6,20,T20,T20,male,club,3,252,252,3.0,27.0
501247,2011,2011,2011-05-08,50.0,Indian Premier League,Bangalore,"M Chinnaswamy Stadium, Bengaluru",Royal Challengers Bangalore,Kochi Tuskers Kerala,Kochi Tuskers Kerala,bat,Royal Challengers Bangalore,1.0,win,,9.0,CH Gayle,6,20,T20,T20,male,club,1,1414,1414,1.0,1.0
501248,2011,2011,2011-05-08,51.0,Indian Premier League,Chandigarh,"Punjab Cricket Association IS Bindra Stadium, Mohali",Punjab Kings,Pune Warriors,Punjab Kings,bat,Pune Warriors,0.0,win,,5.0,R Sharma,6,20,T20,T20,male,club,494,1419,494,1419.0,14765.0
501249,2011,2011,2011-05-09,52.0,Indian Premier League,Jaipur,"Sawai Mansingh Stadium, Jaipur",Rajasthan Royals,Chennai Super Kings,Rajasthan Royals,field,Chennai Super Kings,0.0,win,63.0,,M Vijay,6,20,T20,T20,male,club,134,129,134,129.0,1630.0
501250,2011,2011,2011-05-10,53.0,Indian Premier League,Hyderabad,"Rajiv Gandhi International Stadium, Uppal, Hyderabad",Sunrisers Hyderabad,Pune Warriors,Sunrisers Hyderabad,bat,Pune Warriors,0.0,win,,6.0,MR Marsh,6,20,T20,T20,male,club,2,1419,2,1419.0,4960.0
501251,2011,2011,2011-05-10,54.0,Indian Premier League,Chandigarh,"Punjab Cricket Association IS Bindra Stadium, Mohali",Punjab Kings,Mumbai Indians,Mumbai Indians,field,Punjab Kings,1.0,win,76.0,,BA Bhatt,6,20,T20,T20,male,club,494,3,3,494.0,15867.0
501252,2011,2011,2011-05-11,55.0,Indian Premier League,Jaipur,"Sawai Mansingh Stadium, Jaipur",Rajasthan Royals,Royal Challengers Bangalore,Royal Challengers Bangalore,field,Royal Challengers Bangalore,0.0,win,,9.0,S Aravind,6,20,T20,T20,male,club,134,1,1,1.0,8.0
501253,2011,2011,2011-05-12,56.0,Indian Premier League,Chennai,"MA Chidambaram Stadium, Chepauk, Chennai",Chennai Super Kings,Delhi Capitals,Chennai Super Kings,bat,Chennai Super Kings,1.0,win,18.0,,MS Dhoni,6,20,T20,T20,male,club,129,252,129,129.0,38.0
501254,2011,2011,2011-05-13,57.0,Indian Premier League,Indore,Holkar Cricket Stadium,Kochi Tuskers Kerala,Punjab Kings,Punjab Kings,field,Punjab Kings,0.0,win,,6.0,KD Karthik,6,20,T20,T20,male,club,1414,494,494,494.0,49.0
501255,2011,2011,2011-05-14,58.0,Indian Premier League,Bangalore,"M Chinnaswamy Stadium, Bengaluru",Royal Challengers Bangalore,Kolkata Knight Riders,Royal Challengers Bangalore,field,Royal Challengers Bangalore,1.0,win,,4.0,CH Gayle,6,20,T20,T20,male,club,1,6,1,1.0,1.0
501256,2011,2011,2011-05-14,59.0,Indian Premier League,Mumbai,"Wankhede Stadium, Mumbai",Mumbai Indians,Sunrisers Hyderabad,Sunrisers Hyderabad,bat,Sunrisers Hyderabad,0.0,win,10.0,,A Mishra,6,20,T20,T20,male,club,3,2,2,2.0,185.0
501257,2011,2011,2011-05-15,60.0,Indian Premier League,Dharamsala,"Himachal Pradesh Cricket Association Stadium, Dharamsala",Punjab Kings,Delhi Capitals,Delhi Capitals,field,Punjab Kings,1.0,win,29.0,,PP Chawla,6,20,T20,T20,male,club,494,252,252,494.0,63.0
501258,2011,2011,2011-05-15,61.0,Indian Premier League,Indore,Holkar Cricket Stadium,Kochi Tuskers Kerala,Rajasthan Royals,Kochi Tuskers Kerala,field,Kochi Tuskers Kerala,1.0,win,,8.0,BJ Hodge,6,20,T20,T20,male,club,1414,134,1414,1414.0,12318.0
501259,2011,2011,2011-05-16,62.0,Indian Premier League,Mumbai,"Dr DY Patil Sports Academy, Mumbai",Pune Warriors,Sunrisers Hyderabad,Sunrisers Hyderabad,field,Sunrisers Hyderabad,0.0,win,,6.0,A Mishra,6,20,T20,T20,male,club,1419,2,2,2.0,185.0
501260,2011,2011,2011-05-17,63.0,Indian Premier League,Dharamsala,"Himachal Pradesh Cricket Association Stadium, Dharamsala",Punjab Kings,Royal Challengers Bangalore,Punjab Kings,bat,Punjab Kings,1.0,win,111.0,,AC Gilchrist,6,20,T20,T20,male,club,494,1,494,494.0,12007.0
501261,2011,2011,2011-05-18,64.0,Indian Premier League,Chennai,"MA Chidambaram Stadium, Chepauk, Chennai",Chennai Super Kings,Kochi Tuskers Kerala,Chennai Super Kings,bat,Chennai Super Kings,1.0,win,11.0,,WP Saha,6,20,T20,T20,male,club,129,1414,129,129.0,69.0
501262,2011,2011,2011-05-19,65.0,Indian Premier League,Mumbai,"Dr DY Patil Sports Academy, Mumbai",Pune Warriors,Kolkata Knight Riders,Kolkata Knight Riders,field,Kolkata Knight Riders,0.0,win,,7.0,YK Pathan,6,20,T20,T20,male,club,1419,6,6,6.0,60.0
501263,2011,2011,2011-05-20,66.0,Indian Premier League,Mumbai,"Wankhede Stadium, Mumbai",Mumbai Indians,Rajasthan Royals,Mumbai Indians,bat,Rajasthan Royals,0.0,win,,10.0,SR Watson,6,20,T20,T20,male,club,3,134,3,134.0,5.0
501264,2011,2011,2011-05-21,67.0,Indian Premier League,Dharamsala,"Himachal Pradesh Cricket Association Stadium, Dharamsala",Punjab Kings,Sunrisers Hyderabad,Punjab Kings,field,Sunrisers Hyderabad,0.0,win,82.0,,S Dhawan,6,20,T20,T20,male,club,494,2,494,2.0,13.0
501265,2011,2011,2011-05-21,68.0,Indian Premier League,Delhi,"Arun Jaitley Stadium, Delhi",Delhi Capitals,Pune Warriors,Delhi Capitals,bat,,,no result,,,,6,20,T20,T20,male,club,252,1419,252,,
501266,2011,2011,2011-05-22,69.0,Indian Premier League,Bangalore,"M Chinnaswamy Stadium, Bengaluru",Royal Challengers Bangalore,Chennai Super Kings,Royal Challengers Bangalore,field,Royal Challengers Bangalore,1.0,win,,8.0,CH Gayle,6,20,T20,T20,male,club,1,129,1,1.0,1.0
501267,2011,2011,2011-05-22,70.0,Indian Premier League,Kolkata,"Eden Gardens, Kolkata",Kolkata Knight Riders,Mumbai Indians,Mumbai Indians,field,Mumbai Indians,0.0,win,,5.0,JEC Franklin,6,20,T20,T20,male,club,6,3,3,3.0,15851.0
501268,2011,2011,2011-05-24,,Indian Premier League,Mumbai,"Wankhede Stadium, Mumbai",Royal Challengers Bangalore,Chennai Super Kings,Chennai Super Kings,field,Chennai Super Kings,0.0,win,,6.0,SK Raina,6,20,T20,T20,male,club,1,129,129,129.0,47.0
501269,2011,2011,2011-05-25,,Indian Premier League,Mumbai,"Wankhede Stadium, Mumbai",Mumbai Indians,Kolkata Knight Riders,Mumbai Indians,field,Mumbai Indians,1.0,win,,4.0,MM Patel,6,20,T20,T20,male,club,3,6,3,3.0,418.0
501270,2011,2011,2011-05-27,,Indian Premier League,Chennai,"MA Chidambaram Stadium, Chepauk, Chennai",Royal Challengers Bangalore,Mumbai Indians,Mumbai Indians,field,Royal Challengers Bangalore,1.0,win,43.0,,CH Gayle,6,20,T20,T20,male,club,1,3,3,1.0,1.0
501271,2011,2011,2011-05-28,,Indian Premier League,Chennai,"MA Chidambaram Stadium, Chepauk, Chennai",Chennai Super Kings,Royal Challengers Bangalore,Chennai Super Kings,bat,Chennai Super Kings,1.0,win,58.0,,M Vijay,6,20,T20,T20,male,club,129,1,129,129.0,1630.0
548306,2012,2012,2012-04-04,1.0,Indian Premier League,Chennai,"MA Chidambaram Stadium, Chepauk, Chennai",Chennai Super Kings,Mumbai Indians,Mumbai Indians,field,Mumbai Indians,0.0,win,,8.0,RE Levi,6,20,T20,T20,male,club,129,3,3,3.0,34272.0
548307,2012,2012,2012-04-05,2.0,Indian Premier League,Kolkata,"Eden Gardens, Kolkata",Kolkata Knight Riders,Delhi Capitals,Delhi Capitals,field,Delhi Capitals,0.0,win,,8.0,IK Pathan,6,20,T20,T20,male,club,6,252,252,252.0,811.0
548308,2012,2012,2012-04-06,3.0,Indian Premier League,Mumbai,"Wankhede Stadium, Mumbai",Mumbai Indians,Pune Warriors,Mumbai Indians,field,Pune Warriors,0.0,win,28.0,,SPD Smith,6,20,T20,T20,male,club,3,1419,3,1419.0,36.0
548309,2012,2012,2012-04-06,4.0,Indian Premier League,Jaipur,"Sawai Mansingh Stadium, Jaipur",Rajasthan Royals,Punjab Kings,Punjab Kings,field,Rajasthan Royals,1.0,win,31.0,,AM Rahane,6,20,T20,T20,male,club,134,494,494,134.0,34.0
548310,2012,2012,2012-04-07,5.0,Indian Premier League,Bangalore,"M Chinnaswamy Stadium, Bengaluru",Royal Challengers Bangalore,Delhi Capitals,Delhi Capitals,field,Royal Challengers Bangalore,1.0,win,20.0,,AB de Villiers,6,20,T20,T20,male,club,1,252,252,1.0,245.0
548311,2012,2012,2012-04-07,6.0,Indian Premier League,Visakhapatnam,"Dr. Y.S. Rajasekhara Reddy ACA-VDCA Cricket Stadium, Visakhapatnam",Sunrisers Hyderabad,Chennai Super Kings,Sunrisers Hyderabad,field,Chennai Super Kings,0.0,win,74.0,,RA Jadeja,6,20,T20,T20,male,club,2,129,2,129.0,348.0
548312,2012,2012,2012-04-08,7.0,Indian Premier League,Jaipur,"Sawai Mansingh Stadium, Jaipur",Rajasthan Royals,Kolkata Knight Riders,Kolkata Knight Riders,field,Rajasthan Royals,1.0,win,22.0,,BJ Hodge,6,20,T20,T20,male,club,134,6,6,134.0,12318.0
548313,2012,2012,2012-04-08,8.0,Indian Premier League,Pune,"Maharashtra Cricket Association Stadium, Pune",Pune Warriors,Punjab Kings,Pune Warriors,bat,Pune Warriors,1.0,win,22.0,,MN Samuels,6,20,T20,T20,male,club,1419,494,1419,1419.0,963.0
548314,2012,2012,2012-04-09,9.0,Indian Premier League,Visakhapatnam,"Dr. Y.S. Rajasekhara Reddy ACA-VDCA Cricket Stadium, Visakhapatnam",Sunrisers Hyderabad,Mumbai Indians,Sunrisers Hyderabad,bat,Mumbai Indians,0.0,win,,5.0,RG Sharma,6,20,T20,T20,male,club,2,3,2,3.0,25.0
548315,2012,2012,2012-04-10,10.0,Indian Premier League,Bangalore,"M Chinnaswamy Stadium, Bengaluru",Royal Challengers Bangalore,Kolkata Knight Riders,Royal Challengers Bangalore,field,Kolkata Knight Riders,0.0,win,42.0,,L Balaji,6,20,T20,T20,male,club,1,6,1,6.0,12523.0
548316,2012,2012,2012-04-10,11.0,Indian Premier League,Delhi,"Arun Jaitley Stadium, Delhi",Delhi Capitals,Chennai Super Kings,Delhi Capitals,field,Delhi Capitals,1.0,win,,8.0,M Morkel,6,20,T20,T20,male,club,252,129,252,252.0,13863.0
548317,2012,2012,2012-04-11,12.0,Indian Premier League,Mumbai,"Wankhede Stadium, Mumbai",Mumbai Indians,Rajasthan Royals,Rajasthan Royals,field,Mumbai Indians,1.0,win,27.0,,KA Pollard,6,20,T20,T20,male,club,3,134,134,3.0,29.0
548318,2012,2012,2012-04-12,13.0,Indian Premier League,Chennai,"MA Chidambaram Stadium, Chepauk, Chennai",Chennai Super Kings,Royal Challengers Bangalore,Royal Challengers Bangalore,bat,Chennai Super Kings,1.0,win,,5.0,F du Plessis,6,20,T20,T20,male,club,129,1,1,129.0,267.0
548319,2012,2012,2012-04-12,14.0,Indian Premier League,Chandigarh,"Punjab Cricket Association IS Bindra Stadium, Mohali",Punjab Kings,Pune Warriors,Punjab Kings,field,Punjab Kings,1.0,win,,7.0,AD Mascarenhas,6,20,T20,T20,male,club,494,1419,494,494.0,12661.0
548320,2012,2012,2012-04-13,15.0,Indian Premier League,Kolkata,"Eden Gardens, Kolkata",Kolkata Knight Riders,Rajasthan Royals,Rajasthan Royals,bat,Kolkata Knight Riders,1.0,win,,5.0,Shakib Al Hasan,6,20,T20,T20,male,club,6,134,134,6.0,579.0
548322,2012,2012,2012-04-14,16.0,Indian Premier League,Pune,"Maharashtra Cricket Association Stadium, Pune",Pune Warriors,Chennai Super Kings,Chennai Super Kings,bat,Pune Warriors,1.0,win,,7.0,JD Ryder,6,20,T20,T20,male,club,1419,129,129,1419.0,13228.0
548323,2012,2012,2012-04-15,17.0,Indian Premier League,Kolkata,"Eden Gardens, Kolkata",Kolkata Knight Riders,Punjab Kings,Kolkata Knight Riders,field,Punjab Kings,0.0,win,2.0,,SP Narine,6,20,T20,T20,male,club,6,494,6,494.0,65.0
548324,2012,2012,2012-04-15,18.0,Indian Premier League,Bangalore,"M Chinnaswamy Stadium, Bengaluru",Royal Challengers Bangalore,Rajasthan Royals,Rajasthan Royals,bat,Rajasthan Royals,0.0,win,59.0,,AM Rahane,6,20,T20,T20,male,club,1,134,134,134.0,34.0
548325,2012,2012,2012-04-16,19.0,Indian Premier League,Mumbai,"Wankhede Stadium, Mumbai",Mumbai Indians,Delhi Capitals,Delhi Capitals,field,Delhi Capitals,0.0,win,,7.0,S Nadeem,6,20,T20,T20,male,club,3,252,252,252.0,186.0
548326,2012,2012,2012-04-17,20.0,Indian Premier League,Jaipur,"Sawai Mansingh Stadium, Jaipur",Rajasthan Royals,Sunrisers Hyderabad,Sunrisers Hyderabad,bat,Rajasthan Royals,1.0,win,,5.0,BJ Hodge,6,20,T20,T20,male,club,134,2,2,134.0,12318.0
548327,2012,2012,2012-04-17,21.0,Indian Premier League,Bangalore,"M Chinnaswamy Stadium, Bengaluru",Royal Challengers Bangalore,Pune Warriors,Pune Warriors,bat,Royal Challengers Bangalore,1.0,win,,6.0,CH Gayle,6,20,T20,T20,male,club,1,1419,1419,1.0,1.0
548328,2012,2012,2012-04-18,22.0,Indian Premier League,Chandigarh,"Punjab Cricket Association IS Bindra Stadium, Mohali",Punjab Kings,Kolkata Knight Riders,Punjab Kings,bat,Kolkata Knight Riders,0.0,win,,8.0,G Gambhir,6,20,T20,T20,male,club,494,6,494,6.0,56.0
548321,2012,2012,2012-04-19,23.0,Indian Premier League,Delhi,"Arun Jaitley Stadium, Delhi",Delhi Capitals,Sunrisers Hyderabad,Sunrisers Hyderabad,bat,Delhi Capitals,1.0,win,,5.0,KP Pietersen,6,20,T20,T20,male,club,252,2,2,252.0,13231.0
548330,2012,2012,2012-04-19,24.0,Indian Premier League,Chennai,"MA Chidambaram Stadium, Chepauk, Chennai",Chennai Super Kings,Pune Warriors,Pune Warriors,field,Chennai Super Kings,1.0,win,13.0,,KMDN Kulasekara,6,20,T20,T20,male,club,129,1419,1419,129.0,16414.0
548331,2012,2012,2012-04-20,25.0,Indian Premier League,Chandigarh,"Punjab Cricket Association IS Bindra Stadium, Mohali",Punjab Kings,Royal Challengers Bangalore,Royal Challengers Bangalore,field,Royal Challengers Bangalore,0.0,win,,5.0,CH Gayle,6,20,T20,T20,male,club,494,1,1,1.0,1.0
548332,2012,2012,2012-04-21,26.0,Indian Premier League,Chennai,"MA Chidambaram Stadium, Chepauk, Chennai",Chennai Super Kings,Rajasthan Royals,Rajasthan Royals,bat,Chennai Super Kings,1.0,win,,7.0,F du Plessis,6,20,T20,T20,male,club,129,134,134,129.0,267.0
548333,2012,2012,2012-04-21,27.0,Indian Premier League,Delhi,"Arun Jaitley Stadium, Delhi",Delhi Capitals,Pune Warriors,Delhi Capitals,field,Pune Warriors,0.0,win,20.0,,SC Ganguly,6,20,T20,T20,male,club,252,1419,252,1419.0,11919.0
548334,2012,2012,2012-04-22,28.0,Indian Premier League,Mumbai,"Wankhede Stadium, Mumbai",Mumbai Indians,Punjab Kings,Mumbai Indians,bat,Punjab Kings,0.0,win,,6.0,SE Marsh,6,20,T20,T20,male,club,3,494,3,494.0,541.0
548335,2012,2012,2012-04-22,29.0,Indian Premier League,Cuttack,Barabati Stadium,Sunrisers Hyderabad,Kolkata Knight Riders,Kolkata Knight Riders,field,Kolkata Knight Riders,0.0,win,,5.0,B Lee,6,20,T20,T20,male,club,2,6,6,6.0,11959.0
548336,2012,2012,2012-04-23,30.0,Indian Premier League,Jaipur,"Sawai Mansingh Stadium, Jaipur",Rajasthan Royals,Royal Challengers Bangalore,Rajasthan Royals,field,Royal Challengers Bangalore,0.0,win,46.0,,AB de Villiers,6,20,T20,T20,male,club,134,1,134,1.0,245.0
548337,2012,2012,2012-04-24,31.0,Indian Premier League,Pune,"Maharashtra Cricket Association Stadium, Pune",Pune Warriors,Delhi Capitals,Pune Warriors,bat,Delhi Capitals,0.0,win,,8.0,V Sehwag,6,20,T20,T20,male,club,1419,252,1419,252.0,11975.0
548339,2012,2012,2012-04-25,33.0,Indian Premier League,Chandigarh,"Punjab Cricket Association IS Bindra Stadium, Mohali",Punjab Kings,Mumbai Indians,Punjab Kings,bat,Mumbai Indians,0.0,win,,4.0,AT Rayudu,6,20,T20,T20,male,club,494,3,494,3.0,27.0
548341,2012,2012,2012-04-26,35.0,Indian Premier League,Pune,"Maharashtra Cricket Association Stadium, Pune",Pune Warriors,Sunrisers Hyderabad,Sunrisers Hyderabad,bat,Sunrisers Hyderabad,0.0,win,18.0,,CL White,6,20,T20,T20,male,club,1419,2,2,2.0,11934.0
548342,2012,2012,2012-04-27,36.0,Indian Premier League,Delhi,"Arun Jaitley Stadium, Delhi",Delhi Capitals,Mumbai Indians,Mumbai Indians,field,Delhi Capitals,1.0,win,37.0,,V Sehwag,6,20,T20,T20,male,club,252,3,3,252.0,11975.0
548343,2012,2012,2012-04-28,37.0,Indian Premier League,Chennai,"MA Chidambaram Stadium, Chepauk, Chennai",Chennai Super Kings,Punjab Kings,Punjab Kings,bat,Punjab Kings,0.0,win,7.0,,Mandeep Singh,6,20,T20,T20,male,club,129,494,494,494.0,2.0
548344,2012,2012,2012-04-28,38.0,Indian Premier League,Kolkata,"Eden Gardens, Kolkata",Kolkata Knight Riders,Royal Challengers Bangalore,Kolkata Knight Riders,bat,Kolkata Knight Riders,1.0,win,47.0,,G Gambhir,6,20,T20,T20,male,club,6,1,6,6.0,56.0
548345,2012,2012,2012-04-29,39.0,Indian Premier League,Delhi,"Arun Jaitley Stadium, Delhi",Delhi Capitals,Rajasthan Royals,Delhi Capitals,bat,Delhi Capitals,1.0,win,1.0,,V Sehwag,6,20,T20,T20,male,club,252,134,252,252.0,11975.0
548346,2012,2012,2012-04-29,40.0,Indian Premier League,Mumbai,"Wankhede Stadium, Mumbai",Mumbai Indians,Sunrisers Hyderabad,Mumbai Indians,field,Mumbai Indians,1.0,win,,5.0,DW Steyn,6,20,T20,T20,male,club,3,2,3,3.0,3451.0
548347,2012,2012,2012-04-30,41.0,Indian Premier League,Chennai,"MA Chidambaram Stadium, Chepauk, Chennai",Chennai Super Kings,Kolkata Knight Riders,Chennai Super Kings,bat,Kolkata Knight Riders,0.0,win,,5.0,G Gambhir,6,20,T20,T20,male,club,129,6,129,6.0,56.0
548348,2012,2012,2012-05-01,42.0,Indian Premier League,Cuttack,Barabati Stadium,Sunrisers Hyderabad,Pune Warriors,Sunrisers Hyderabad,bat,Sunrisers Hyderabad,1.0,win,13.0,,KC Sangakkara,6,20,T20,T20,male,club,2,1419,2,2.0,11954.0
548349,2012,2012,2012-05-01,43.0,Indian Premier League,Jaipur,"Sawai Mansingh Stadium, Jaipur",Rajasthan Royals,Delhi Capitals,Rajasthan Royals,bat,Delhi Capitals,0.0,win,,6.0,P Negi,6,20,T20,T20,male,club,134,252,134,252.0,172.0
548350,2012,2012,2012-05-02,44.0,Indian Premier League,Bangalore,"M Chinnaswamy Stadium, Bengaluru",Royal Challengers Bangalore,Punjab Kings,Punjab Kings,field,Punjab Kings,0.0,win,,4.0,Azhar Mahmood,6,20,T20,T20,male,club,1,494,494,494.0,34817.0
548351,2012,2012,2012-05-03,45.0,Indian Premier League,Pune,"Maharashtra Cricket Association Stadium, Pune",Pune Warriors,Mumbai Indians,Mumbai Indians,bat,Mumbai Indians,0.0,win,1.0,,SL Malinga,6,20,T20,T20,male,club,1419,3,3,3.0,230.0
548352,2012,2012,2012-05-04,46.0,Indian Premier League,Chennai,"MA Chidambaram Stadium, Chepauk, Chennai",Chennai Super Kings,Sunrisers Hyderabad,Chennai Super Kings,bat,Chennai Super Kings,1.0,win,10.0,,SK Raina,6,20,T20,T20,male,club,129,2,129,129.0,47.0
548353,2012,2012,2012-05-05,47.0,Indian Premier League,Kolkata,"Eden Gardens, Kolkata",Kolkata Knight Riders,Pune Warriors,Kolkata Knight Riders,bat,Kolkata Knight Riders,1.0,win,7.0,,SP Narine,6,20,T20,T20,male,club,6,1419,6,6.0,65.0
548354,2012,2012,2012-05-05,48.0,Indian Premier League,Chandigarh,"Punjab Cricket Association IS Bindra Stadium, Mohali",Punjab Kings,Rajasthan Royals,Rajasthan Royals,bat,Rajasthan Royals,0.0,win,43.0,,SR Watson,6,20,T20,T20,male,club,494,134,134,134.0,5.0
548355,2012,2012,2012-05-06,49.0,Indian Premier League,Mumbai,"Wankhede Stadium, Mumbai",Mumbai Indians,Chennai Super Kings,Mumbai Indians,field,Mumbai Indians,1.0,win,,2.0,DR Smith,6,20,T20,T20,male,club,3,129,3,3.0,50.0
548356,2012,2012,2012-05-06,50.0,Indian Premier League,Bangalore,"M Chinnaswamy Stadium, Bengaluru",Royal Challengers Bangalore,Sunrisers Hyderabad,Royal Challengers Bangalore,field,Royal Challengers Bangalore,1.0,win,,5.0,AB de Villiers,6,20,T20,T20,male,club,1,2,1,1.0,245.0
548357,2012,2012,2012-05-07,51.0,Indian Premier League,Delhi,"Arun Jaitley Stadium, Delhi",Delhi Capitals,Kolkata Knight Riders,Delhi Capitals,bat,Kolkata Knight Riders,0.0,win,,6.0,JH Kallis,6,20,T20,T20,male,club,252,6,252,6.0,11933.0
548358,2012,2012,2012-05-08,52.0,Indian Premier League,Pune,"Maharashtra Cricket Association Stadium, Pune",Pune Warriors,Rajasthan Royals,Pune Warriors,bat,Rajasthan Royals,0.0,win,,7.0,SR Watson,6,20,T20,T20,male,club,1419,134,1419,134.0,5.0
548359,2012,2012,2012-05-08,53.0,Indian Premier League,Hyderabad,"Rajiv Gandhi International Stadium, Uppal, Hyderabad",Sunrisers Hyderabad,Punjab Kings,Sunrisers Hyderabad,field,Punjab Kings,0.0,win,25.0,,Mandeep Singh,6,20,T20,T20,male,club,2,494,2,494.0,2.0
548360,2012,2012,2012-05-09,54.0,Indian Premier League,Mumbai,"Wankhede Stadium, Mumbai",Mumbai Indians,Royal Challengers Bangalore,Royal Challengers Bangalore,field,Royal Challengers Bangalore,0.0,win,,9.0,CH Gayle,6,20,T20,T20,male,club,3,1,1,1.0,1.0
548329,2012,2012,2012-05-10,55.0,Indian Premier League,Hyderabad,"Rajiv Gandhi International Stadium, Uppal, Hyderabad",Sunrisers Hyderabad,Delhi Capitals,Sunrisers Hyderabad,bat,Delhi Capitals,0.0,win,,9.0,DA Warner,6,20,T20,T20,male,club,2,252,2,252.0,12.0
548361,2012,2012,2012-05-10,56.0,Indian Premier League,Jaipur,"Sawai Mansingh Stadium, Jaipur",Rajasthan Royals,Chennai Super Kings,Chennai Super Kings,field,Chennai Super Kings,0.0,win,,4.0,BW Hilfenhaus,6,20,T20,T20,male,club,134,129,129,129.0,35239.0
548362,2012,2012,2012-05-11,57.0,Indian Premier League,Pune,"Maharashtra Cricket Association Stadium, Pune",Pune Warriors,Royal Challengers Bangalore,Pune Warriors,field,Royal Challengers Bangalore,0.0,win,35.0,,CH Gayle,6,20,T20,T20,male,club,1419,1,1419,1.0,1.0
548363,2012,2012,2012-05-12,58.0,Indian Premier League,Kolkata,"Eden Gardens, Kolkata",Kolkata Knight Riders,Mumbai Indians,Mumbai Indians,bat,Mumbai Indians,0.0,win,27.0,,RG Sharma,6,20,T20,T20,male,club,6,3,3,3.0,25.0
548364,2012,2012,2012-05-12,59.0,Indian Premier League,Chennai,"MA Chidambaram Stadium, Chepauk, Chennai",Chennai Super Kings,Delhi Capitals,Chennai Super Kings,field,Chennai Super Kings,1.0,win,,9.0,BW Hilfenhaus,6,20,T20,T20,male,club,129,252,129,129.0,35239.0
548365,2012,2012,2012-05-13,60.0,Indian Premier League,Jaipur,"Sawai Mansingh Stadium, Jaipur",Rajasthan Royals,Pune Warriors,Rajasthan Royals,bat,Rajasthan Royals,1.0,win,45.0,,A Chandila,6,20,T20,T20,male,club,134,1419,134,134.0,34931.0
548366,2012,2012,2012-05-13,61.0,Indian Premier League,Chandigarh,"Punjab Cricket Association IS Bindra Stadium, Mohali",Punjab Kings,Sunrisers Hyderabad,Sunrisers Hyderabad,bat,Punjab Kings,1.0,win,,4.0,DJ Hussey,6,20,T20,T20,male,club,494,2,2,494.0,11922.0
548367,2012,2012,2012-05-14,62.0,Indian Premier League,Bangalore,"M Chinnaswamy Stadium, Bengaluru",Royal Challengers Bangalore,Mumbai Indians,Mumbai Indians,field,Mumbai Indians,0.0,win,,5.0,AT Rayudu,6,20,T20,T20,male,club,1,3,3,3.0,27.0
548368,2012,2012,2012-05-14,63.0,Indian Premier League,Kolkata,"Eden Gardens, Kolkata",Kolkata Knight Riders,Chennai Super Kings,Chennai Super Kings,field,Chennai Super Kings,0.0,win,,5.0,MEK Hussey,6,20,T20,T20,male,club,6,129,129,129.0,11943.0
548369,2012,2012,2012-05-15,64.0,Indian Premier League,Delhi,"Arun Jaitley Stadium, Delhi",Delhi Capitals,Punjab Kings,Punjab Kings,bat,Delhi Capitals,1.0,win,,5.0,UT Yadav,6,20,T20,T20,male,club,252,494,494,252.0,318.0
548370,2012,2012,2012-05-16,65.0,Indian Premier League,Mumbai,"Wankhede Stadium, Mumbai",Mumbai Indians,Kolkata Knight Riders,Mumbai Indians,field,Kolkata Knight Riders,0.0,win,32.0,,SP Narine,6,20,T20,T20,male,club,3,6,3,6.0,65.0
548371,2012,2012,2012-05-17,66.0,Indian Premier League,Dharamsala,"Himachal Pradesh Cricket Association Stadium, Dharamsala",Punjab Kings,Chennai Super Kings,Punjab Kings,field,Punjab Kings,1.0,win,,6.0,AC Gilchrist,6,20,T20,T20,male,club,494,129,494,494.0,12007.0
548372,2012,2012,2012-05-17,67.0,Indian Premier League,Delhi,"Arun Jaitley Stadium, Delhi",Delhi Capitals,Royal Challengers Bangalore,Delhi Capitals,field,Royal Challengers Bangalore,0.0,win,21.0,,CH Gayle,6,20,T20,T20,male,club,252,1,252,1.0,1.0
548373,2012,2012,2012-05-18,68.0,Indian Premier League,Hyderabad,"Rajiv Gandhi International Stadium, Uppal, Hyderabad",Sunrisers Hyderabad,Rajasthan Royals,Rajasthan Royals,bat,Sunrisers Hyderabad,1.0,win,,5.0,DW Steyn,6,20,T20,T20,male,club,2,134,134,2.0,3451.0
548374,2012,2012,2012-05-19,69.0,Indian Premier League,Dharamsala,"Himachal Pradesh Cricket Association Stadium, Dharamsala",Punjab Kings,Delhi Capitals,Delhi Capitals,field,Delhi Capitals,0.0,win,,6.0,UT Yadav,6,20,T20,T20,male,club,494,252,252,252.0,318.0
548375,2012,2012,2012-05-19,70.0,Indian Premier League,Pune,"Maharashtra Cricket Association Stadium, Pune",Pune Warriors,Kolkata Knight Riders,Kolkata Knight Riders,bat,Kolkata Knight Riders,0.0,win,34.0,,Shakib Al Hasan,6,20,T20,T20,male,club,1419,6,6,6.0,579.0
548376,2012,2012,2012-05-20,71.0,Indian Premier League,Hyderabad,"Rajiv Gandhi International Stadium, Uppal, Hyderabad",Sunrisers Hyderabad,Royal Challengers Bangalore,Royal Challengers Bangalore,field,Sunrisers Hyderabad,1.0,win,9.0,,DW Steyn,6,20,T20,T20,male,club,2,1,1,2.0,3451.0
548377,2012,2012,2012-05-20,72.0,Indian Premier League,Jaipur,"Sawai Mansingh Stadium, Jaipur",Rajasthan Royals,Mumbai Indians,Rajasthan Royals,bat,Mumbai Indians,0.0,win,,10.0,DR Smith,6,20,T20,T20,male,club,134,3,134,3.0,50.0
548378,2012,2012,2012-05-22,,Indian Premier League,Pune,"Maharashtra Cricket Association Stadium, Pune",Delhi Capitals,Kolkata Knight Riders,Kolkata Knight Riders,bat,Kolkata Knight Riders,0.0,win,18.0,,YK Pathan,6,20,T20,T20,male,club,252,6,6,6.0,60.0
548379,2012,2012,2012-05-23,,Indian Premier League,Bangalore,"M Chinnaswamy Stadium, Bengaluru",Chennai Super Kings,Mumbai Indians,Mumbai Indians,field,Chennai Super Kings,1.0,win,38.0,,MS Dhoni,6,20,T20,T20,male,club,129,3,3,129.0,38.0
548380,2012,2012,2012-05-25,,Indian Premier League,Chennai,"MA Chidambaram Stadium, Chepauk, Chennai",Delhi Capitals,Chennai Super Kings,Delhi Capitals,field,Chennai Super Kings,0.0,win,86.0,,M Vijay,6,20,T20,T20,male,club,252,129,252,129.0,1630.0
548381,2012,2012,2012-05-27,,Indian Premier League,Chennai,"MA Chidambaram Stadium, Chepauk, Chennai",Kolkata Knight Riders,Chennai Super Kings,Chennai Super Kings,bat,Kolkata Knight Riders,1.0,win,,5.0,MS Bisla,6,20,T20,T20,male,club,6,129,129,6.0,14505.0
597998,2013,2013,2013-04-03,1.0,Indian Premier League,Kolkata,"Eden Gardens, Kolkata",Kolkata Knight Riders,Delhi Capitals,Kolkata Knight Riders,field,Kolkata Knight Riders,1.0,win,,6.0,SP Narine,6,20,T20,T20,male,club,6,252,6,6.0,65.0
597999,2013,2013,2013-04-04,2.0,Indian Premier League,Bangalore,"M Chinnaswamy Stadium, Bengaluru",Royal Challengers Bangalore,Mumbai Indians,Mumbai Indians,field,Royal Challengers Bangalore,1.0,win,2.0,,CH Gayle,6,20,T20,T20,male,club,1,3,3,1.0,1.0
598000,2013,2013,2013-04-05,3.0,Indian Premier League,Hyderabad,"Rajiv Gandhi International Stadium, Uppal, Hyderabad",Sunrisers Hyderabad,Pune Warriors,Pune Warriors,field,Sunrisers Hyderabad,1.0,win,22.0,,A Mishra,6,20,T20,T20,male,club,2,1419,1419,2.0,185.0
598001,2013,2013,2013-04-06,4.0,Indian Premier League,Delhi,"Arun Jaitley Stadium, Delhi",Delhi Capitals,Rajasthan Royals,Rajasthan Royals,bat,Rajasthan Royals,0.0,win,5.0,,R Dravid,6,20,T20,T20,male,club,252,134,134,134.0,11930.0
598002,2013,2013,2013-04-06,5.0,Indian Premier League,Chennai,"MA Chidambaram Stadium, Chepauk, Chennai",Chennai Super Kings,Mumbai Indians,Mumbai Indians,bat,Mumbai Indians,0.0,win,9.0,,KA Pollard,6,20,T20,T20,male,club,129,3,3,3.0,29.0
598003,2013,2013,2013-04-07,6.0,Indian Premier League,Pune,"Maharashtra Cricket Association Stadium, Pune",Pune Warriors,Punjab Kings,Pune Warriors,bat,Punjab Kings,0.0,win,,8.0,M Vohra,6,20,T20,T20,male,club,1419,494,1419,494.0,68.0
598004,2013,2013,2013-04-07,7.0,Indian Premier League,Hyderabad,"Rajiv Gandhi International Stadium, Uppal, Hyderabad",Sunrisers Hyderabad,Royal Challengers Bangalore,Royal Challengers Bangalore,bat,Royal Challengers Bangalore,0.0,tie,,,GH Vihari,6,20,T20,T20,male,club,2,1,1,1.0,2910.0
598005,2013,2013,2013-04-08,8.0,Indian Premier League,Jaipur,"Sawai Mansingh Stadium, Jaipur",Rajasthan Royals,Kolkata Knight Riders,Kolkata Knight Riders,field,Rajasthan Royals,1.0,win,19.0,,SK Trivedi,6,20,T20,T20,male,club,134,6,6,134.0,11972.0
598006,2013,2013,2013-04-09,10.0,Indian Premier League,Mumbai,"Wankhede Stadium, Mumbai",Mumbai Indians,Delhi Capitals,Mumbai Indians,bat,Mumbai Indians,1.0,win,44.0,,KD Karthik,6,20,T20,T20,male,club,3,252,3,3.0,49.0
598048,2013,2013,2013-04-09,9.0,Indian Premier League,Bangalore,"M Chinnaswamy Stadium, Bengaluru",Royal Challengers Bangalore,Sunrisers Hyderabad,Sunrisers Hyderabad,bat,Royal Challengers Bangalore,1.0,win,,7.0,V Kohli,6,20,T20,T20,male,club,1,2,2,1.0,332.0
598007,2013,2013,2013-04-10,11.0,Indian Premier League,Chandigarh,"Punjab Cricket Association IS Bindra Stadium, Mohali",Punjab Kings,Chennai Super Kings,Chennai Super Kings,field,Chennai Super Kings,0.0,win,,10.0,MEK Hussey,6,20,T20,T20,male,club,494,129,129,129.0,11943.0
598008,2013,2013,2013-04-11,12.0,Indian Premier League,Bangalore,"M Chinnaswamy Stadium, Bengaluru",Royal Challengers Bangalore,Kolkata Knight Riders,Royal Challengers Bangalore,field,Royal Challengers Bangalore,1.0,win,,8.0,CH Gayle,6,20,T20,T20,male,club,1,6,1,1.0,1.0
598009,2013,2013,2013-04-11,13.0,Indian Premier League,Pune,"Maharashtra Cricket Association Stadium, Pune",Pune Warriors,Rajasthan Royals,Rajasthan Royals,bat,Pune Warriors,1.0,win,,7.0,AJ Finch,6,20,T20,T20,male,club,1419,134,134,1419.0,48.0
598010,2013,2013,2013-04-12,14.0,Indian Premier League,Delhi,"Arun Jaitley Stadium, Delhi",Delhi Capitals,Sunrisers Hyderabad,Delhi Capitals,bat,Sunrisers Hyderabad,0.0,win,,3.0,A Mishra,6,20,T20,T20,male,club,252,2,252,2.0,185.0
598011,2013,2013,2013-04-13,15.0,Indian Premier League,Mumbai,"Wankhede Stadium, Mumbai",Mumbai Indians,Pune Warriors,Mumbai Indians,bat,Mumbai Indians,1.0,win,41.0,,RG Sharma,6,20,T20,T20,male,club,3,1419,3,3.0,25.0
598012,2013,2013,2013-04-13,16.0,Indian Premier League,Chennai,"MA Chidambaram Stadium, Chepauk, Chennai",Chennai Super Kings,Royal Challengers Bangalore,Chennai Super Kings,field,Chennai Super Kings,1.0,win,,4.0,RA Jadeja,6,20,T20,T20,male,club,129,1,129,129.0,348.0
598013,2013,2013,2013-04-14,17.0,Indian Premier League,Kolkata,"Eden Gardens, Kolkata",Kolkata Knight Riders,Sunrisers Hyderabad,Kolkata Knight Riders,bat,Kolkata Knight Riders,1.0,win,48.0,,G Gambhir,6,20,T20,T20,male,club,6,2,6,6.0,56.0
598014,2013,2013,2013-04-14,18.0,Indian Premier League,Jaipur,"Sawai Mansingh Stadium, Jaipur",Rajasthan Royals,Punjab Kings,Rajasthan Royals,field,Rajasthan Royals,1.0,win,,6.0,JP Faulkner,6,20,T20,T20,male,club,134,494,134,134.0,569.0
598015,2013,2013,2013-04-15,19.0,Indian Premier League,Chennai,"MA Chidambaram Stadium, Chepauk, Chennai",Chennai Super Kings,Pune Warriors,Pune Warriors,bat,Pune Warriors,0.0,win,24.0,,SPD Smith,6,20,T20,T20,male,club,129,1419,1419,1419.0,36.0
598016,2013,2013,2013-04-16,20.0,Indian Premier League,Chandigarh,"Punjab Cricket Association IS Bindra Stadium, Mohali",Punjab Kings,Kolkata Knight Riders,Kolkata Knight Riders,field,Punjab Kings,1.0,win,4.0,,MS Gony,6,20,T20,T20,male,club,494,6,6,494.0,51.0
598017,2013,2013,2013-04-16,21.0,Indian Premier League,Bangalore,"M Chinnaswamy Stadium, Bengaluru",Royal Challengers Bangalore,Delhi Capitals,Royal Challengers Bangalore,field,Delhi Capitals,0.0,tie,,,V Kohli,6,20,T20,T20,male,club,1,252,1,252.0,332.0
598018,2013,2013,2013-04-17,22.0,Indian Premier League,Pune,"Maharashtra Cricket Association Stadium, Pune",Pune Warriors,Sunrisers Hyderabad,Pune Warriors,field,Sunrisers Hyderabad,0.0,win,11.0,,A Mishra,6,20,T20,T20,male,club,1419,2,1419,2.0,185.0
598019,2013,2013,2013-04-17,23.0,Indian Premier League,Jaipur,"Sawai Mansingh Stadium, Jaipur",Rajasthan Royals,Mumbai Indians,Rajasthan Royals,bat,Rajasthan Royals,1.0,win,87.0,,AM Rahane,6,20,T20,T20,male,club,134,3,134,134.0,34.0
598020,2013,2013,2013-04-18,24.0,Indian Premier League,Delhi,"Arun Jaitley Stadium, Delhi",Delhi Capitals,Chennai Super Kings,Chennai Super Kings,bat,Chennai Super Kings,0.0,win,86.0,,MEK Hussey,6,20,T20,T20,male,club,252,129,129,129.0,11943.0
598021,2013,2013,2013-04-19,25.0,Indian Premier League,Hyderabad,"Rajiv Gandhi International Stadium, Uppal, Hyderabad",Sunrisers Hyderabad,Punjab Kings,Punjab Kings,bat,Sunrisers Hyderabad,1.0,win,,5.0,GH Vihari,6,20,T20,T20,male,club,2,494,494,2.0,2910.0
598022,2013,2013,2013-04-20,26.0,Indian Premier League,Kolkata,"Eden Gardens, Kolkata",Kolkata Knight Riders,Chennai Super Kings,Kolkata Knight Riders,bat,Chennai Super Kings,0.0,win,,4.0,RA Jadeja,6,20,T20,T20,male,club,6,129,6,129.0,348.0
598023,2013,2013,2013-04-20,27.0,Indian Premier League,Bangalore,"M Chinnaswamy Stadium, Bengaluru",Royal Challengers Bangalore,Rajasthan Royals,Royal Challengers Bangalore,field,Royal Challengers Bangalore,1.0,win,,7.0,R Vinay Kumar,6,20,T20,T20,male,club,1,134,1,1.0,1242.0
598024,2013,2013,2013-04-21,28.0,Indian Premier League,Delhi,"Arun Jaitley Stadium, Delhi",Delhi Capitals,Mumbai Indians,Mumbai Indians,bat,Delhi Capitals,1.0,win,,9.0,V Sehwag,6,20,T20,T20,male,club,252,3,3,252.0,11975.0
598025,2013,2013,2013-04-21,29.0,Indian Premier League,Chandigarh,"Punjab Cricket Association IS Bindra Stadium, Mohali",Punjab Kings,Pune Warriors,Punjab Kings,field,Punjab Kings,1.0,win,,7.0,DA Miller,6,20,T20,T20,male,club,494,1419,494,494.0,72.0
598026,2013,2013,2013-04-22,30.0,Indian Premier League,Chennai,"MA Chidambaram Stadium, Chepauk, Chennai",Chennai Super Kings,Rajasthan Royals,Rajasthan Royals,bat,Chennai Super Kings,1.0,win,,5.0,MEK Hussey,6,20,T20,T20,male,club,129,134,134,129.0,11943.0
598027,2013,2013,2013-04-23,31.0,Indian Premier League,Bangalore,"M Chinnaswamy Stadium, Bengaluru",Royal Challengers Bangalore,Pune Warriors,Pune Warriors,field,Royal Challengers Bangalore,1.0,win,130.0,,CH Gayle,6,20,T20,T20,male,club,1,1419,1419,1.0,1.0
598059,2013,2013,2013-04-23,32.0,Indian Premier League,Delhi,"Arun Jaitley Stadium, Delhi",Delhi Capitals,Punjab Kings,Punjab Kings,field,Punjab Kings,0.0,win,,5.0,Harmeet Singh,6,20,T20,T20,male,club,252,494,494,494.0,13267.0
598029,2013,2013,2013-04-24,33.0,Indian Premier League,Kolkata,"Eden Gardens, Kolkata",Kolkata Knight Riders,Mumbai Indians,Kolkata Knight Riders,bat,Mumbai Indians,0.0,win,,5.0,DR Smith,6,20,T20,T20,male,club,6,3,6,3.0,50.0
598030,2013,2013,2013-04-25,34.0,Indian Premier League,Chennai,"MA Chidambaram Stadium, Chepauk, Chennai",Chennai Super Kings,Sunrisers Hyderabad,Sunrisers Hyderabad,bat,Chennai Super Kings,1.0,win,,5.0,MS Dhoni,6,20,T20,T20,male,club,129,2,2,129.0,38.0
598031,2013,2013,2013-04-26,35.0,Indian Premier League,Kolkata,"Eden Gardens, Kolkata",Kolkata Knight Riders,Punjab Kings,Punjab Kings,bat,Kolkata Knight Riders,1.0,win,,6.0,JH Kallis,6,20,T20,T20,male,club,6,494,494,6.0,11933.0
598032,2013,2013,2013-04-27,36.0,Indian Premier League,Jaipur,"Sawai Mansingh Stadium, Jaipur",Rajasthan Royals,Sunrisers Hyderabad,Sunrisers Hyderabad,bat,Rajasthan Royals,1.0,win,,8.0,JP Faulkner,6,20,T20,T20,male,club,134,2,2,134.0,569.0
598033,2013,2013,2013-04-27,37.0,Indian Premier League,Mumbai,"Wankhede Stadium, Mumbai",Mumbai Indians,Royal Challengers Bangalore,Mumbai Indians,bat,Mumbai Indians,1.0,win,58.0,,DR Smith,6,20,T20,T20,male,club,3,1,3,3.0,50.0
598034,2013,2013,2013-04-28,38.0,Indian Premier League,Chennai,"MA Chidambaram Stadium, Chepauk, Chennai",Chennai Super Kings,Kolkata Knight Riders,Kolkata Knight Riders,field,Chennai Super Kings,1.0,win,14.0,,MEK Hussey,6,20,T20,T20,male,club,129,6,6,129.0,11943.0
598035,2013,2013,2013-04-28,39.0,Indian Premier League,Raipur,Shaheed Veer Narayan Singh International Stadium,Delhi Capitals,Pune Warriors,Pune Warriors,field,Delhi Capitals,1.0,win,15.0,,DA Warner,6,20,T20,T20,male,club,252,1419,1419,252.0,12.0
598036,2013,2013,2013-04-29,40.0,Indian Premier League,Jaipur,"Sawai Mansingh Stadium, Jaipur",Rajasthan Royals,Royal Challengers Bangalore,Rajasthan Royals,field,Rajasthan Royals,1.0,win,,4.0,SV Samson,6,20,T20,T20,male,club,134,1,134,134.0,180.0
598037,2013,2013,2013-04-29,41.0,Indian Premier League,Mumbai,"Wankhede Stadium, Mumbai",Mumbai Indians,Punjab Kings,Mumbai Indians,bat,Mumbai Indians,1.0,win,4.0,,RG Sharma,6,20,T20,T20,male,club,3,494,3,3.0,25.0
598038,2013,2013,2013-04-30,42.0,Indian Premier League,Pune,"Maharashtra Cricket Association Stadium, Pune",Pune Warriors,Chennai Super Kings,Chennai Super Kings,bat,Chennai Super Kings,0.0,win,37.0,,MS Dhoni,6,20,T20,T20,male,club,1419,129,129,129.0,38.0
598039,2013,2013,2013-05-01,43.0,Indian Premier League,Hyderabad,"Rajiv Gandhi International Stadium, Uppal, Hyderabad",Sunrisers Hyderabad,Mumbai Indians,Mumbai Indians,bat,Sunrisers Hyderabad,1.0,win,,7.0,I Sharma,6,20,T20,T20,male,club,2,3,3,2.0,308.0
598040,2013,2013,2013-05-01,44.0,Indian Premier League,Raipur,Shaheed Veer Narayan Singh International Stadium,Delhi Capitals,Kolkata Knight Riders,Kolkata Knight Riders,bat,Delhi Capitals,1.0,win,,7.0,DA Warner,6,20,T20,T20,male,club,252,6,6,252.0,12.0
598041,2013,2013,2013-05-02,45.0,Indian Premier League,Chennai,"MA Chidambaram Stadium, Chepauk, Chennai",Chennai Super Kings,Punjab Kings,Chennai Super Kings,bat,Chennai Super Kings,1.0,win,15.0,,SK Raina,6,20,T20,T20,male,club,129,494,129,129.0,47.0
598042,2013,2013,2013-05-02,46.0,Indian Premier League,Pune,"Maharashtra Cricket Association Stadium, Pune",Pune Warriors,Royal Challengers Bangalore,Royal Challengers Bangalore,bat,Royal Challengers Bangalore,0.0,win,17.0,,AB de Villiers,6,20,T20,T20,male,club,1419,1,1,1.0,245.0
598043,2013,2013,2013-05-03,47.0,Indian Premier League,Kolkata,"Eden Gardens, Kolkata",Kolkata Knight Riders,Rajasthan Royals,Rajasthan Royals,bat,Kolkata Knight Riders,1.0,win,,8.0,YK Pathan,6,20,T20,T20,male,club,6,134,134,6.0,60.0
598044,2013,2013,2013-05-04,48.0,Indian Premier League,Hyderabad,"Rajiv Gandhi International Stadium, Uppal, Hyderabad",Sunrisers Hyderabad,Delhi Capitals,Delhi Capitals,bat,Sunrisers Hyderabad,1.0,win,,6.0,DJG Sammy,6,20,T20,T20,male,club,2,252,252,2.0,36610.0
598046,2013,2013,2013-05-05,49.0,Indian Premier League,Mumbai,"Wankhede Stadium, Mumbai",Mumbai Indians,Chennai Super Kings,Mumbai Indians,bat,Mumbai Indians,1.0,win,60.0,,MG Johnson,6,20,T20,T20,male,club,3,129,3,3.0,604.0
598047,2013,2013,2013-05-05,50.0,Indian Premier League,Jaipur,"Sawai Mansingh Stadium, Jaipur",Rajasthan Royals,Pune Warriors,Pune Warriors,bat,Rajasthan Royals,1.0,win,,5.0,AM Rahane,6,20,T20,T20,male,club,134,1419,1419,134.0,34.0
598064,2013,2013,2013-05-06,51.0,Indian Premier League,Chandigarh,"Punjab Cricket Association IS Bindra Stadium, Mohali",Punjab Kings,Royal Challengers Bangalore,Punjab Kings,field,Punjab Kings,1.0,win,,6.0,DA Miller,6,20,T20,T20,male,club,494,1,494,494.0,72.0
598049,2013,2013,2013-05-07,52.0,Indian Premier League,Jaipur,"Sawai Mansingh Stadium, Jaipur",Rajasthan Royals,Delhi Capitals,Delhi Capitals,bat,Rajasthan Royals,1.0,win,,9.0,AM Rahane,6,20,T20,T20,male,club,134,252,252,134.0,34.0
598050,2013,2013,2013-05-07,53.0,Indian Premier League,Mumbai,"Wankhede Stadium, Mumbai",Mumbai Indians,Kolkata Knight Riders,Mumbai Indians,bat,Mumbai Indians,1.0,win,65.0,,SR Tendulkar,6,20,T20,T20,male,club,3,6,3,3.0,12580.0
598051,2013,2013,2013-05-08,54.0,Indian Premier League,Hyderabad,"Rajiv Gandhi International Stadium, Uppal, Hyderabad",Sunrisers Hyderabad,Chennai Super Kings,Sunrisers Hyderabad,field,Chennai Super Kings,0.0,win,77.0,,SK Raina,6,20,T20,T20,male,club,2,129,2,129.0,47.0
598052,2013,2013,2013-05-09,55.0,Indian Premier League,Chandigarh,"Punjab Cricket Association IS Bindra Stadium, Mohali",Punjab Kings,Rajasthan Royals,Rajasthan Royals,field,Rajasthan Royals,0.0,win,,8.0,KK Cooper,6,20,T20,T20,male,club,494,134,134,134.0,34343.0
598053,2013,2013,2013-05-09,56.0,Indian Premier League,Pune,"Maharashtra Cricket Association Stadium, Pune",Pune Warriors,Kolkata Knight Riders,Kolkata Knight Riders,bat,Kolkata Knight Riders,0.0,win,46.0,,G Gambhir,6,20,T20,T20,male,club,1419,6,6,6.0,56.0
598054,2013,2013,2013-05-10,57.0,Indian Premier League,Delhi,"Arun Jaitley Stadium, Delhi",Delhi Capitals,Royal Challengers Bangalore,Delhi Capitals,field,Royal Challengers Bangalore,0.0,win,4.0,,JD Unadkat,6,20,T20,T20,male,club,252,1,252,1.0,438.0
598055,2013,2013,2013-05-11,58.0,Indian Premier League,Pune,"Maharashtra Cricket Association Stadium, Pune",Pune Warriors,Mumbai Indians,Pune Warriors,bat,Mumbai Indians,0.0,win,,5.0,MG Johnson,6,20,T20,T20,male,club,1419,3,1419,3.0,604.0
598056,2013,2013,2013-05-11,59.0,Indian Premier League,Chandigarh,"Punjab Cricket Association IS Bindra Stadium, Mohali",Punjab Kings,Sunrisers Hyderabad,Punjab Kings,field,Sunrisers Hyderabad,0.0,win,30.0,,PA Patel,6,20,T20,T20,male,club,494,2,494,2.0,23.0
598057,2013,2013,2013-05-12,60.0,Indian Premier League,Ranchi,JSCA International Stadium Complex,Kolkata Knight Riders,Royal Challengers Bangalore,Kolkata Knight Riders,field,Kolkata Knight Riders,1.0,win,,5.0,JH Kallis,6,20,T20,T20,male,club,6,1,6,6.0,11933.0
598058,2013,2013,2013-05-12,61.0,Indian Premier League,Jaipur,"Sawai Mansingh Stadium, Jaipur",Rajasthan Royals,Chennai Super Kings,Rajasthan Royals,field,Rajasthan Royals,1.0,win,,5.0,SR Watson,6,20,T20,T20,male,club,134,129,134,134.0,5.0
598060,2013,2013,2013-05-13,62.0,Indian Premier League,Mumbai,"Wankhede Stadium, Mumbai",Mumbai Indians,Sunrisers Hyderabad,Sunrisers Hyderabad,bat,Mumbai Indians,1.0,win,,7.0,KA Pollard,6,20,T20,T20,male,club,3,2,2,3.0,29.0
598045,2013,2013,2013-05-14,63.0,Indian Premier League,Bangalore,"M Chinnaswamy Stadium, Bengaluru",Royal Challengers Bangalore,Punjab Kings,Punjab Kings,field,Punjab Kings,0.0,win,,7.0,AC Gilchrist,6,20,T20,T20,male,club,1,494,494,494.0,12007.0
598062,2013,2013,2013-05-14,64.0,Indian Premier League,Chennai,"MA Chidambaram Stadium, Chepauk, Chennai",Chennai Super Kings,Delhi Capitals,Chennai Super Kings,bat,Chennai Super Kings,1.0,win,33.0,,MS Dhoni,6,20,T20,T20,male,club,129,252,129,129.0,38.0
598061,2013,2013,2013-05-15,65.0,Indian Premier League,Ranchi,JSCA International Stadium Complex,Kolkata Knight Riders,Pune Warriors,Kolkata Knight Riders,field,Pune Warriors,0.0,win,7.0,,MK Pandey,6,20,T20,T20,male,club,6,1419,6,1419.0,59.0
598063,2013,2013,2013-05-15,66.0,Indian Premier League,Mumbai,"Wankhede Stadium, Mumbai",Mumbai Indians,Rajasthan Royals,Rajasthan Royals,field,Mumbai Indians,1.0,win,14.0,,AP Tare,6,20,T20,T20,male,club,3,134,134,3.0,177.0
598028,2013,2013,2013-05-16,67.0,Indian Premier League,Dharamsala,"Himachal Pradesh Cricket Association Stadium, Dharamsala",Punjab Kings,Delhi Capitals,Delhi Capitals,field,Punjab Kings,1.0,win,7.0,,DA Miller,6,20,T20,T20,male,club,494,252,252,494.0,72.0
598065,2013,2013,2013-05-17,68.0,Indian Premier League,Hyderabad,"Rajiv Gandhi International Stadium, Uppal, Hyderabad",Sunrisers Hyderabad,Rajasthan Royals,Sunrisers Hyderabad,bat,Sunrisers Hyderabad,1.0,win,23.0,,A Mishra,6,20,T20,T20,male,club,2,134,2,2.0,185.0
598066,2013,2013,2013-05-18,69.0,Indian Premier League,Dharamsala,"Himachal Pradesh Cricket Association Stadium, Dharamsala",Punjab Kings,Mumbai Indians,Mumbai Indians,field,Punjab Kings,1.0,win,50.0,,Azhar Mahmood,6,20,T20,T20,male,club,494,3,3,494.0,34817.0
598068,2013,2013,2013-05-18,70.0,Indian Premier League,Bangalore,"M Chinnaswamy Stadium, Bengaluru",Royal Challengers Bangalore,Chennai Super Kings,Chennai Super Kings,field,Royal Challengers Bangalore,1.0,win,24.0,,V Kohli,6,20,T20,T20,male,club,1,129,129,1.0,332.0
598067,2013,2013,2013-05-19,71.0,Indian Premier League,Pune,"Maharashtra Cricket Association Stadium, Pune",Pune Warriors,Delhi Capitals,Pune Warriors,bat,Pune Warriors,1.0,win,38.0,,LJ Wright,6,20,T20,T20,male,club,1419,252,1419,1419.0,34959.0
598069,2013,2013,2013-05-19,72.0,Indian Premier League,Hyderabad,"Rajiv Gandhi International Stadium, Uppal, Hyderabad",Sunrisers Hyderabad,Kolkata Knight Riders,Kolkata Knight Riders,bat,Sunrisers Hyderabad,1.0,win,,5.0,PA Patel,6,20,T20,T20,male,club,2,6,6,2.0,23.0
598070,2013,2013,2013-05-21,,Indian Premier League,Delhi,"Arun Jaitley Stadium, Delhi",Chennai Super Kings,Mumbai Indians,Chennai Super Kings,bat,Chennai Super Kings,1.0,win,48.0,,MEK Hussey,6,20,T20,T20,male,club,129,3,129,129.0,11943.0
598071,2013,2013,2013-05-22,,Indian Premier League,Delhi,"Arun Jaitley Stadium, Delhi",Rajasthan Royals,Sunrisers Hyderabad,Sunrisers Hyderabad,bat,Rajasthan Royals,1.0,win,,4.0,BJ Hodge,6,20,T20,T20,male,club,134,2,2,134.0,12318.0
598072,2013,2013,2013-05-24,,Indian Premier League,Kolkata,"Eden Gardens, Kolkata",Mumbai Indians,Rajasthan Royals,Rajasthan Royals,bat,Mumbai Indians,1.0,win,,4.0,Harbhajan Singh,6,20,T20,T20,male,club,3,134,134,3.0,228.0
598073,2013,2013,2013-05-26,,Indian Premier League,Kolkata,"Eden Gardens, Kolkata",Chennai Super Kings,Mumbai Indians,Mumbai Indians,bat,Mumbai Indians,0.0,win,23.0,,KA Pollard,6,20,T20,T20,male,club,129,3,3,3.0,29.0
729279,2014,2014,2014-04-16,1.0,Indian Premier League,Abu Dhabi,"Zayed Cricket Stadium, Abu Dhabi",Mumbai Indians,Kolkata Knight Riders,Kolkata Knight Riders,bat,Kolkata Knight Riders,0.0,win,41.0,,JH Kallis,6,20,T20,T20,male,club,3,6,6,6.0,11933.0
729281,2014,2014,2014-04-17,2.0,Indian Premier League,Sharjah,Sharjah Cricket Stadium,Delhi Capitals,Royal Challengers Bangalore,Royal Challengers Bangalore,field,Royal Challengers Bangalore,0.0,win,,8.0,YS Chahal,6,20,T20,T20,male,club,252,1,1,1.0,10.0
729283,2014,2014,2014-04-18,3.0,Indian Premier League,Abu Dhabi,"Zayed Cricket Stadium, Abu Dhabi",Chennai Super Kings,Punjab Kings,Chennai Super Kings,bat,Punjab Kings,0.0,win,,6.0,GJ Maxwell,6,20,T20,T20,male,club,129,494,129,494.0,71.0
729285,2014,2014,2014-04-18,4.0,Indian Premier League,Abu Dhabi,"Zayed Cricket Stadium, Abu Dhabi",Sunrisers Hyderabad,Rajasthan Royals,Rajasthan Royals,field,Rajasthan Royals,0.0,win,,4.0,AM Rahane,6,20,T20,T20,male,club,2,134,134,134.0,34.0
729287,2014,2014,2014-04-19,5.0,Indian Premier League,Dubai,Dubai International Cricket Stadium,Royal Challengers Bangalore,Mumbai Indians,Royal Challengers Bangalore,field,Royal Challengers Bangalore,1.0,win,,7.0,PA Patel,6,20,T20,T20,male,club,1,3,1,1.0,23.0
729289,2014,2014,2014-04-19,6.0,Indian Premier League,Dubai,Dubai International Cricket Stadium,Kolkata Knight Riders,Delhi Capitals,Kolkata Knight Riders,bat,Delhi Capitals,0.0,win,,4.0,JP Duminy,6,20,T20,T20,male,club,6,252,6,252.0,1964.0
729291,2014,2014,2014-04-20,7.0,Indian Premier League,Sharjah,Sharjah Cricket Stadium,Rajasthan Royals,Punjab Kings,Punjab Kings,field,Punjab Kings,0.0,win,,7.0,GJ Maxwell,6,20,T20,T20,male,club,134,494,494,494.0,71.0
729293,2014,2014,2014-04-21,8.0,Indian Premier League,Abu Dhabi,"Zayed Cricket Stadium, Abu Dhabi",Chennai Super Kings,Delhi Capitals,Chennai Super Kings,bat,Chennai Super Kings,1.0,win,93.0,,SK Raina,6,20,T20,T20,male,club,129,252,129,129.0,47.0
729295,2014,2014,2014-04-22,9.0,Indian Premier League,Sharjah,Sharjah Cricket Stadium,Punjab Kings,Sunrisers Hyderabad,Sunrisers Hyderabad,field,Punjab Kings,1.0,win,72.0,,GJ Maxwell,6,20,T20,T20,male,club,494,2,2,494.0,71.0
729297,2014,2014,2014-04-23,10.0,Indian Premier League,Dubai,Dubai International Cricket Stadium,Rajasthan Royals,Chennai Super Kings,Rajasthan Royals,field,Chennai Super Kings,0.0,win,7.0,,RA Jadeja,6,20,T20,T20,male,club,134,129,134,129.0,348.0
729299,2014,2014,2014-04-24,11.0,Indian Premier League,Sharjah,Sharjah Cricket Stadium,Royal Challengers Bangalore,Kolkata Knight Riders,Royal Challengers Bangalore,field,Kolkata Knight Riders,0.0,win,2.0,,CA Lynn,6,20,T20,T20,male,club,1,6,1,6.0,57.0
729301,2014,2014,2014-04-25,12.0,Indian Premier League,Dubai,Dubai International Cricket Stadium,Sunrisers Hyderabad,Delhi Capitals,Sunrisers Hyderabad,bat,Sunrisers Hyderabad,1.0,win,4.0,,AJ Finch,6,20,T20,T20,male,club,2,252,2,2.0,48.0
729303,2014,2014,2014-04-25,13.0,Indian Premier League,Dubai,Dubai International Cricket Stadium,Chennai Super Kings,Mumbai Indians,Mumbai Indians,bat,Chennai Super Kings,1.0,win,,7.0,MM Sharma,6,20,T20,T20,male,club,129,3,3,129.0,75.0
729305,2014,2014,2014-04-26,14.0,Indian Premier League,Abu Dhabi,"Zayed Cricket Stadium, Abu Dhabi",Rajasthan Royals,Royal Challengers Bangalore,Rajasthan Royals,field,Rajasthan Royals,1.0,win,,6.0,PV Tambe,6,20,T20,T20,male,club,134,1,134,134.0,37031.0
729307,2014,2014,2014-04-26,15.0,Indian Premier League,Abu Dhabi,"Zayed Cricket Stadium, Abu Dhabi",Kolkata Knight Riders,Punjab Kings,Kolkata Knight Riders,field,Punjab Kings,0.0,win,23.0,,Sandeep Sharma,6,20,T20,T20,male,club,6,494,6,494.0,76.0
729309,2014,2014,2014-04-27,16.0,Indian Premier League,Sharjah,Sharjah Cricket Stadium,Delhi Capitals,Mumbai Indians,Mumbai Indians,bat,Delhi Capitals,1.0,win,,6.0,M Vijay,6,20,T20,T20,male,club,252,3,3,252.0,1630.0
729311,2014,2014,2014-04-27,17.0,Indian Premier League,Sharjah,Sharjah Cricket Stadium,Sunrisers Hyderabad,Chennai Super Kings,Sunrisers Hyderabad,bat,Chennai Super Kings,0.0,win,,5.0,DR Smith,6,20,T20,T20,male,club,2,129,2,129.0,50.0
729313,2014,2014,2014-04-28,18.0,Indian Premier League,Dubai,Dubai International Cricket Stadium,Punjab Kings,Royal Challengers Bangalore,Punjab Kings,field,Punjab Kings,1.0,win,,5.0,Sandeep Sharma,6,20,T20,T20,male,club,494,1,494,494.0,76.0
729315,2014,2014,2014-04-29,19.0,Indian Premier League,Abu Dhabi,"Zayed Cricket Stadium, Abu Dhabi",Kolkata Knight Riders,Rajasthan Royals,Rajasthan Royals,bat,Rajasthan Royals,0.0,tie,,,JP Faulkner,6,20,T20,T20,male,club,6,134,134,134.0,569.0
729317,2014,2014,2014-04-30,20.0,Indian Premier League,Dubai,Dubai International Cricket Stadium,Mumbai Indians,Sunrisers Hyderabad,Mumbai Indians,field,Sunrisers Hyderabad,0.0,win,15.0,,B Kumar,6,20,T20,T20,male,club,3,2,3,2.0,20.0
733971,2014,2014,2014-05-02,21.0,Indian Premier League,Ranchi,JSCA International Stadium Complex,Chennai Super Kings,Kolkata Knight Riders,Chennai Super Kings,bat,Chennai Super Kings,1.0,win,34.0,,RA Jadeja,6,20,T20,T20,male,club,129,6,129,129.0,348.0
733973,2014,2014,2014-05-03,22.0,Indian Premier League,Mumbai,"Wankhede Stadium, Mumbai",Mumbai Indians,Punjab Kings,Punjab Kings,bat,Mumbai Indians,1.0,win,,5.0,CJ Anderson,6,20,T20,T20,male,club,3,494,494,3.0,258.0
733975,2014,2014,2014-05-03,23.0,Indian Premier League,Delhi,"Arun Jaitley Stadium, Delhi",Delhi Capitals,Rajasthan Royals,Rajasthan Royals,field,Rajasthan Royals,0.0,win,,7.0,KK Nair,6,20,T20,T20,male,club,252,134,134,134.0,179.0
733977,2014,2014,2014-05-04,24.0,Indian Premier League,Bangalore,"M Chinnaswamy Stadium, Bengaluru",Royal Challengers Bangalore,Sunrisers Hyderabad,Royal Challengers Bangalore,field,Royal Challengers Bangalore,1.0,win,,4.0,AB de Villiers,6,20,T20,T20,male,club,1,2,1,1.0,245.0
733979,2014,2014,2014-05-05,25.0,Indian Premier League,Ahmedabad,"Narendra Modi Stadium, Ahmedabad",Rajasthan Royals,Kolkata Knight Riders,Kolkata Knight Riders,field,Rajasthan Royals,1.0,win,10.0,,PV Tambe,6,20,T20,T20,male,club,134,6,6,134.0,37031.0
733981,2014,2014,2014-05-05,26.0,Indian Premier League,Delhi,"Arun Jaitley Stadium, Delhi",Delhi Capitals,Chennai Super Kings,Chennai Super Kings,field,Chennai Super Kings,0.0,win,,8.0,DR Smith,6,20,T20,T20,male,club,252,129,129,129.0,50.0
733983,2014,2014,2014-05-06,27.0,Indian Premier League,Mumbai,"Wankhede Stadium, Mumbai",Mumbai Indians,Royal Challengers Bangalore,Royal Challengers Bangalore,field,Mumbai Indians,1.0,win,19.0,,RG Sharma,6,20,T20,T20,male,club,3,1,1,3.0,25.0
733985,2014,2014,2014-05-07,28.0,Indian Premier League,Delhi,"Arun Jaitley Stadium, Delhi",Delhi Capitals,Kolkata Knight Riders,Delhi Capitals,bat,Kolkata Knight Riders,0.0,win,,8.0,G Gambhir,6,20,T20,T20,male,club,252,6,252,6.0,56.0
733987,2014,2014,2014-05-07,29.0,Indian Premier League,Cuttack,Barabati Stadium,Punjab Kings,Chennai Super Kings,Chennai Super Kings,field,Punjab Kings,1.0,win,44.0,,GJ Maxwell,6,20,T20,T20,male,club,494,129,129,494.0,71.0
733989,2014,2014,2014-05-08,30.0,Indian Premier League,Ahmedabad,"Narendra Modi Stadium, Ahmedabad",Rajasthan Royals,Sunrisers Hyderabad,Rajasthan Royals,field,Sunrisers Hyderabad,0.0,win,32.0,,B Kumar,6,20,T20,T20,male,club,134,2,134,2.0,20.0
733991,2014,2014,2014-05-09,31.0,Indian Premier League,Bangalore,"M Chinnaswamy Stadium, Bengaluru",Royal Challengers Bangalore,Punjab Kings,Royal Challengers Bangalore,field,Punjab Kings,0.0,win,32.0,,Sandeep Sharma,6,20,T20,T20,male,club,1,494,1,494.0,76.0
733993,2014,2014,2014-05-10,32.0,Indian Premier League,Delhi,"Arun Jaitley Stadium, Delhi",Delhi Capitals,Sunrisers Hyderabad,Sunrisers Hyderabad,field,Sunrisers Hyderabad,0.0,win,,8.0,DW Steyn,6,20,T20,T20,male,club,252,2,2,2.0,3451.0
733995,2014,2014,2014-05-10,33.0,Indian Premier League,Mumbai,"Wankhede Stadium, Mumbai",Mumbai Indians,Chennai Super Kings,Chennai Super Kings,field,Chennai Super Kings,0.0,win,,4.0,DR Smith,6,20,T20,T20,male,club,3,129,129,129.0,50.0
733997,2014,2014,2014-05-11,34.0,Indian Premier League,Cuttack,Barabati Stadium,Punjab Kings,Kolkata Knight Riders,Kolkata Knight Riders,field,Kolkata Knight Riders,0.0,win,,9.0,G Gambhir,6,20,T20,T20,male,club,494,6,6,6.0,56.0
733999,2014,2014,2014-05-11,35.0,Indian Premier League,Bangalore,"M Chinnaswamy Stadium, Bengaluru",Royal Challengers Bangalore,Rajasthan Royals,Royal Challengers Bangalore,bat,Rajasthan Royals,0.0,win,,5.0,JP Faulkner,6,20,T20,T20,male,club,1,134,1,134.0,569.0
734001,2014,2014,2014-05-12,36.0,Indian Premier League,Hyderabad,"Rajiv Gandhi International Stadium, Uppal, Hyderabad",Sunrisers Hyderabad,Mumbai Indians,Sunrisers Hyderabad,bat,Mumbai Indians,0.0,win,,7.0,AT Rayudu,6,20,T20,T20,male,club,2,3,2,3.0,27.0
734003,2014,2014,2014-05-13,37.0,Indian Premier League,Ranchi,JSCA International Stadium Complex,Chennai Super Kings,Rajasthan Royals,Rajasthan Royals,bat,Chennai Super Kings,1.0,win,,5.0,RA Jadeja,6,20,T20,T20,male,club,129,134,134,129.0,348.0
734005,2014,2014,2014-05-13,38.0,Indian Premier League,Bangalore,"M Chinnaswamy Stadium, Bengaluru",Royal Challengers Bangalore,Delhi Capitals,Delhi Capitals,field,Royal Challengers Bangalore,1.0,win,16.0,,Yuvraj Singh,6,20,T20,T20,male,club,1,252,252,1.0,15.0
734007,2014,2014,2014-05-14,39.0,Indian Premier League,Hyderabad,"Rajiv Gandhi International Stadium, Uppal, Hyderabad",Sunrisers Hyderabad,Punjab Kings,Punjab Kings,field,Punjab Kings,0.0,win,,6.0,WP Saha,6,20,T20,T20,male,club,2,494,494,494.0,69.0
734009,2014,2014,2014-05-14,40.0,Indian Premier League,Cuttack,Barabati Stadium,Kolkata Knight Riders,Mumbai Indians,Kolkata Knight Riders,field,Kolkata Knight Riders,1.0,win,,6.0,RV Uthappa,6,20,T20,T20,male,club,6,3,6,6.0,58.0
734011,2014,2014,2014-05-15,41.0,Indian Premier League,Ahmedabad,"Narendra Modi Stadium, Ahmedabad",Rajasthan Royals,Delhi Capitals,Delhi Capitals,field,Rajasthan Royals,1.0,win,62.0,,AM Rahane,6,20,T20,T20,male,club,134,252,252,134.0,34.0
734013,2014,2014,2014-05-18,42.0,Indian Premier League,Ranchi,JSCA International Stadium Complex,Chennai Super Kings,Royal Challengers Bangalore,Chennai Super Kings,bat,Royal Challengers Bangalore,0.0,win,,5.0,AB de Villiers,6,20,T20,T20,male,club,129,1,129,1.0,245.0
734015,2014,2014,2014-05-18,43.0,Indian Premier League,Hyderabad,"Rajiv Gandhi International Stadium, Uppal, Hyderabad",Sunrisers Hyderabad,Kolkata Knight Riders,Sunrisers Hyderabad,bat,Kolkata Knight Riders,0.0,win,,7.0,UT Yadav,6,20,T20,T20,male,club,2,6,2,6.0,318.0
734017,2014,2014,2014-05-19,44.0,Indian Premier League,Ahmedabad,"Narendra Modi Stadium, Ahmedabad",Rajasthan Royals,Mumbai Indians,Mumbai Indians,bat,Mumbai Indians,0.0,win,25.0,,MEK Hussey,6,20,T20,T20,male,club,134,3,3,3.0,11943.0
734019,2014,2014,2014-05-19,45.0,Indian Premier League,Delhi,"Arun Jaitley Stadium, Delhi",Delhi Capitals,Punjab Kings,Punjab Kings,field,Punjab Kings,0.0,win,,4.0,AR Patel,6,20,T20,T20,male,club,252,494,494,494.0,70.0
734021,2014,2014,2014-05-20,46.0,Indian Premier League,Hyderabad,"Rajiv Gandhi International Stadium, Uppal, Hyderabad",Sunrisers Hyderabad,Royal Challengers Bangalore,Royal Challengers Bangalore,bat,Sunrisers Hyderabad,1.0,win,,7.0,DA Warner,6,20,T20,T20,male,club,2,1,1,2.0,12.0
734023,2014,2014,2014-05-20,47.0,Indian Premier League,Kolkata,"Eden Gardens, Kolkata",Kolkata Knight Riders,Chennai Super Kings,Kolkata Knight Riders,field,Kolkata Knight Riders,1.0,win,,8.0,RV Uthappa,6,20,T20,T20,male,club,6,129,6,6.0,58.0
734025,2014,2014,2014-05-21,48.0,Indian Premier League,Chandigarh,"Punjab Cricket Association IS Bindra Stadium, Mohali",Punjab Kings,Mumbai Indians,Mumbai Indians,field,Mumbai Indians,0.0,win,,7.0,LMP Simmons,6,20,T20,T20,male,club,494,3,3,3.0,1035.0
734027,2014,2014,2014-05-22,49.0,Indian Premier League,Kolkata,"Eden Gardens, Kolkata",Kolkata Knight Riders,Royal Challengers Bangalore,Royal Challengers Bangalore,field,Kolkata Knight Riders,1.0,win,30.0,,RV Uthappa,6,20,T20,T20,male,club,6,1,1,6.0,58.0
734029,2014,2014,2014-05-22,50.0,Indian Premier League,Ranchi,JSCA International Stadium Complex,Chennai Super Kings,Sunrisers Hyderabad,Sunrisers Hyderabad,field,Sunrisers Hyderabad,0.0,win,,6.0,DA Warner,6,20,T20,T20,male,club,129,2,2,2.0,12.0
734031,2014,2014,2014-05-23,51.0,Indian Premier League,Mumbai,"Wankhede Stadium, Mumbai",Mumbai Indians,Delhi Capitals,Delhi Capitals,field,Mumbai Indians,1.0,win,15.0,,MEK Hussey,6,20,T20,T20,male,club,3,252,252,3.0,11943.0
734033,2014,2014,2014-05-23,52.0,Indian Premier League,Chandigarh,"Punjab Cricket Association IS Bindra Stadium, Mohali",Punjab Kings,Rajasthan Royals,Rajasthan Royals,field,Punjab Kings,1.0,win,16.0,,SE Marsh,6,20,T20,T20,male,club,494,134,134,494.0,541.0
734035,2014,2014,2014-05-24,53.0,Indian Premier League,Bangalore,"M Chinnaswamy Stadium, Bengaluru",Royal Challengers Bangalore,Chennai Super Kings,Chennai Super Kings,field,Chennai Super Kings,0.0,win,,8.0,MS Dhoni,6,20,T20,T20,male,club,1,129,129,129.0,38.0
734037,2014,2014,2014-05-24,54.0,Indian Premier League,Kolkata,"Eden Gardens, Kolkata",Kolkata Knight Riders,Sunrisers Hyderabad,Kolkata Knight Riders,field,Kolkata Knight Riders,1.0,win,,4.0,YK Pathan,6,20,T20,T20,male,club,6,2,6,6.0,60.0
734039,2014,2014,2014-05-25,55.0,Indian Premier League,Chandigarh,"Punjab Cricket Association IS Bindra Stadium, Mohali",Punjab Kings,Delhi Capitals,Punjab Kings,field,Punjab Kings,1.0,win,,7.0,M Vohra,6,20,T20,T20,male,club,494,252,494,494.0,68.0
734041,2014,2014,2014-05-25,56.0,Indian Premier League,Mumbai,"Wankhede Stadium, Mumbai",Mumbai Indians,Rajasthan Royals,Mumbai Indians,field,Mumbai Indians,1.0,win,,5.0,CJ Anderson,6,20,T20,T20,male,club,3,134,3,3.0,258.0
734043,2014,2014,2014-05-27,,Indian Premier League,Kolkata,"Eden Gardens, Kolkata",Punjab Kings,Kolkata Knight Riders,Punjab Kings,field,Kolkata Knight Riders,0.0,win,28.0,,UT Yadav,6,20,T20,T20,male,club,494,6,494,6.0,318.0
734045,2014,2014,2014-05-28,,Indian Premier League,Mumbai,"Brabourne Stadium, Mumbai",Chennai Super Kings,Mumbai Indians,Chennai Super Kings,field,Chennai Super Kings,1.0,win,,7.0,SK Raina,6,20,T20,T20,male,club,129,3,129,129.0,47.0
734047,2014,2014,2014-05-30,,Indian Premier League,Mumbai,"Wankhede Stadium, Mumbai",Chennai Super Kings,Punjab Kings,Chennai Super Kings,field,Punjab Kings,0.0,win,24.0,,V Sehwag,6,20,T20,T20,male,club,129,494,129,494.0,11975.0
734049,2014,2014,2014-06-01,,Indian Premier League,Bangalore,"M Chinnaswamy Stadium, Bengaluru",Kolkata Knight Riders,Punjab Kings,Kolkata Knight Riders,field,Kolkata Knight Riders,1.0,win,,3.0,MK Pandey,6,20,T20,T20,male,club,6,494,6,6.0,59.0
829705,2015,2015,2015-04-08,1.0,Indian Premier League,Kolkata,"Eden Gardens, Kolkata",Kolkata Knight Riders,Mumbai Indians,Kolkata Knight Riders,field,Kolkata Knight Riders,1.0,win,,7.0,M Morkel,6,20,T20,T20,male,club,6,3,6,6.0,13863.0
829707,2015,2015,2015-04-09,2.0,Indian Premier League,Chennai,"MA Chidambaram Stadium, Chepauk, Chennai",Chennai Super Kings,Delhi Capitals,Delhi Capitals,field,Chennai Super Kings,1.0,win,1.0,,A Nehra,6,20,T20,T20,male,club,129,252,252,129.0,21.0
829709,2015,2015,2015-04-10,3.0,Indian Premier League,Pune,"Maharashtra Cricket Association Stadium, Pune",Punjab Kings,Rajasthan Royals,Punjab Kings,field,Rajasthan Royals,0.0,win,26.0,,JP Faulkner,6,20,T20,T20,male,club,494,134,494,134.0,569.0
829711,2015,2015,2015-04-11,4.0,Indian Premier League,Chennai,"MA Chidambaram Stadium, Chepauk, Chennai",Chennai Super Kings,Sunrisers Hyderabad,Chennai Super Kings,bat,Chennai Super Kings,1.0,win,45.0,,BB McCullum,6,20,T20,T20,male,club,129,2,129,129.0,46.0
829713,2015,2015,2015-04-11,5.0,Indian Premier League,Kolkata,"Eden Gardens, Kolkata",Kolkata Knight Riders,Royal Challengers Bangalore,Royal Challengers Bangalore,field,Royal Challengers Bangalore,0.0,win,,3.0,CH Gayle,6,20,T20,T20,male,club,6,1,1,1.0,1.0
829715,2015,2015,2015-04-12,6.0,Indian Premier League,Delhi,"Arun Jaitley Stadium, Delhi",Delhi Capitals,Rajasthan Royals,Rajasthan Royals,field,Rajasthan Royals,0.0,win,,3.0,DJ Hooda,6,20,T20,T20,male,club,252,134,134,134.0,16.0
829717,2015,2015,2015-04-12,7.0,Indian Premier League,Mumbai,"Wankhede Stadium, Mumbai",Mumbai Indians,Punjab Kings,Mumbai Indians,field,Punjab Kings,0.0,win,18.0,,GJ Bailey,6,20,T20,T20,male,club,3,494,3,494.0,13882.0
829719,2015,2015,2015-04-13,8.0,Indian Premier League,Bangalore,"M Chinnaswamy Stadium, Bengaluru",Royal Challengers Bangalore,Sunrisers Hyderabad,Sunrisers Hyderabad,field,Sunrisers Hyderabad,0.0,win,,8.0,DA Warner,6,20,T20,T20,male,club,1,2,2,2.0,12.0
829721,2015,2015,2015-04-14,9.0,Indian Premier League,Ahmedabad,"Narendra Modi Stadium, Ahmedabad",Rajasthan Royals,Mumbai Indians,Mumbai Indians,bat,Rajasthan Royals,1.0,win,,7.0,SPD Smith,6,20,T20,T20,male,club,134,3,3,134.0,36.0
829725,2015,2015,2015-04-15,10.0,Indian Premier League,Pune,"Maharashtra Cricket Association Stadium, Pune",Punjab Kings,Delhi Capitals,Punjab Kings,bat,Delhi Capitals,0.0,win,,5.0,MA Agarwal,6,20,T20,T20,male,club,494,252,494,252.0,35.0
829727,2015,2015,2015-04-16,11.0,Indian Premier League,Visakhapatnam,"Dr. Y.S. Rajasekhara Reddy ACA-VDCA Cricket Stadium, Visakhapatnam",Sunrisers Hyderabad,Rajasthan Royals,Rajasthan Royals,field,Rajasthan Royals,0.0,win,,6.0,AM Rahane,6,20,T20,T20,male,club,2,134,134,134.0,34.0
829729,2015,2015,2015-04-17,12.0,Indian Premier League,Mumbai,"Wankhede Stadium, Mumbai",Mumbai Indians,Chennai Super Kings,Mumbai Indians,bat,Chennai Super Kings,0.0,win,,6.0,A Nehra,6,20,T20,T20,male,club,3,129,3,129.0,21.0
829731,2015,2015,2015-04-18,13.0,Indian Premier League,Visakhapatnam,"Dr. Y.S. Rajasekhara Reddy ACA-VDCA Cricket Stadium, Visakhapatnam",Sunrisers Hyderabad,Delhi Capitals,Delhi Capitals,bat,Delhi Capitals,0.0,win,4.0,,JP Duminy,6,20,T20,T20,male,club,2,252,252,252.0,1964.0
829733,2015,2015,2015-04-18,14.0,Indian Premier League,Pune,"Maharashtra Cricket Association Stadium, Pune",Punjab Kings,Kolkata Knight Riders,Kolkata Knight Riders,field,Kolkata Knight Riders,0.0,win,,4.0,AD Russell,6,20,T20,T20,male,club,494,6,6,6.0,1437.0
829735,2015,2015,2015-04-19,15.0,Indian Premier League,Ahmedabad,"Narendra Modi Stadium, Ahmedabad",Rajasthan Royals,Chennai Super Kings,Chennai Super Kings,bat,Rajasthan Royals,1.0,win,,8.0,AM Rahane,6,20,T20,T20,male,club,134,129,129,134.0,34.0
829737,2015,2015,2015-04-19,16.0,Indian Premier League,Bangalore,"M Chinnaswamy Stadium, Bengaluru",Royal Challengers Bangalore,Mumbai Indians,Royal Challengers Bangalore,field,Mumbai Indians,0.0,win,18.0,,Harbhajan Singh,6,20,T20,T20,male,club,1,3,1,3.0,228.0
829739,2015,2015,2015-04-20,17.0,Indian Premier League,Delhi,"Arun Jaitley Stadium, Delhi",Delhi Capitals,Kolkata Knight Riders,Kolkata Knight Riders,field,Kolkata Knight Riders,0.0,win,,6.0,UT Yadav,6,20,T20,T20,male,club,252,6,6,6.0,318.0
829741,2015,2015,2015-04-21,18.0,Indian Premier League,Ahmedabad,"Narendra Modi Stadium, Ahmedabad",Rajasthan Royals,Punjab Kings,Punjab Kings,field,Punjab Kings,0.0,tie,,,SE Marsh,6,20,T20,T20,male,club,134,494,494,494.0,541.0
829743,2015,2015,2015-04-22,19.0,Indian Premier League,Visakhapatnam,"Dr. Y.S. Rajasekhara Reddy ACA-VDCA Cricket Stadium, Visakhapatnam",Sunrisers Hyderabad,Kolkata Knight Riders,Kolkata Knight Riders,field,Sunrisers Hyderabad,1.0,win,16.0,,DA Warner,6,20,T20,T20,male,club,2,6,6,2.0,12.0
829745,2015,2015,2015-04-22,20.0,Indian Premier League,Bangalore,"M Chinnaswamy Stadium, Bengaluru",Royal Challengers Bangalore,Chennai Super Kings,Royal Challengers Bangalore,field,Chennai Super Kings,0.0,win,27.0,,SK Raina,6,20,T20,T20,male,club,1,129,1,129.0,47.0
829747,2015,2015,2015-04-23,21.0,Indian Premier League,Delhi,"Arun Jaitley Stadium, Delhi",Delhi Capitals,Mumbai Indians,Mumbai Indians,field,Delhi Capitals,1.0,win,37.0,,SS Iyer,6,20,T20,T20,male,club,252,3,3,252.0,389.0
829749,2015,2015,2015-04-24,22.0,Indian Premier League,Ahmedabad,"Narendra Modi Stadium, Ahmedabad",Rajasthan Royals,Royal Challengers Bangalore,Royal Challengers Bangalore,field,Royal Challengers Bangalore,0.0,win,,9.0,MA Starc,6,20,T20,T20,male,club,134,1,1,1.0,10109.0
829751,2015,2015,2015-04-25,23.0,Indian Premier League,Mumbai,"Wankhede Stadium, Mumbai",Mumbai Indians,Sunrisers Hyderabad,Mumbai Indians,bat,Mumbai Indians,1.0,win,20.0,,SL Malinga,6,20,T20,T20,male,club,3,2,3,3.0,230.0
829753,2015,2015,2015-04-25,24.0,Indian Premier League,Chennai,"MA Chidambaram Stadium, Chepauk, Chennai",Chennai Super Kings,Punjab Kings,Chennai Super Kings,bat,Chennai Super Kings,1.0,win,97.0,,BB McCullum,6,20,T20,T20,male,club,129,494,129,129.0,46.0
829757,2015,2015,2015-04-26,26.0,Indian Premier League,Delhi,"Arun Jaitley Stadium, Delhi",Delhi Capitals,Royal Challengers Bangalore,Royal Challengers Bangalore,field,Royal Challengers Bangalore,0.0,win,,10.0,VR Aaron,6,20,T20,T20,male,club,252,1,1,1.0,241.0
829759,2015,2015,2015-04-27,27.0,Indian Premier League,Chandigarh,"Punjab Cricket Association IS Bindra Stadium, Mohali",Punjab Kings,Sunrisers Hyderabad,Punjab Kings,field,Sunrisers Hyderabad,0.0,win,20.0,,TA Boult,6,20,T20,T20,male,club,494,2,494,2.0,66.0
829765,2015,2015,2015-04-28,28.0,Indian Premier League,Chennai,"MA Chidambaram Stadium, Chepauk, Chennai",Chennai Super Kings,Kolkata Knight Riders,Kolkata Knight Riders,field,Chennai Super Kings,1.0,win,2.0,,DJ Bravo,6,20,T20,T20,male,club,129,6,6,129.0,1393.0
829763,2015,2015,2015-04-29,29.0,Indian Premier League,Bangalore,"M Chinnaswamy Stadium, Bengaluru",Royal Challengers Bangalore,Rajasthan Royals,Rajasthan Royals,field,,,no result,,,,6,20,T20,T20,male,club,1,134,134,,
829723,2015,2015,2015-04-30,30.0,Indian Premier League,Kolkata,"Eden Gardens, Kolkata",Kolkata Knight Riders,Chennai Super Kings,Kolkata Knight Riders,field,Kolkata Knight Riders,1.0,win,,7.0,AD Russell,6,20,T20,T20,male,club,6,129,6,6.0,1437.0
829767,2015,2015,2015-05-01,31.0,Indian Premier League,Delhi,"Arun Jaitley Stadium, Delhi",Delhi Capitals,Punjab Kings,Delhi Capitals,field,Delhi Capitals,1.0,win,,9.0,NM Coulter-Nile,6,20,T20,T20,male,club,252,494,252,252.0,471.0
829769,2015,2015,2015-05-01,32.0,Indian Premier League,Mumbai,"Wankhede Stadium, Mumbai",Mumbai Indians,Rajasthan Royals,Rajasthan Royals,field,Mumbai Indians,1.0,win,8.0,,AT Rayudu,6,20,T20,T20,male,club,3,134,134,3.0,27.0
829771,2015,2015,2015-05-02,33.0,Indian Premier League,Bangalore,"M Chinnaswamy Stadium, Bengaluru",Royal Challengers Bangalore,Kolkata Knight Riders,Royal Challengers Bangalore,field,Royal Challengers Bangalore,1.0,win,,7.0,Mandeep Singh,6,20,T20,T20,male,club,1,6,1,1.0,2.0
829773,2015,2015,2015-05-02,34.0,Indian Premier League,Hyderabad,"Rajiv Gandhi International Stadium, Uppal, Hyderabad",Sunrisers Hyderabad,Chennai Super Kings,Chennai Super Kings,field,Sunrisers Hyderabad,1.0,win,22.0,,DA Warner,6,20,T20,T20,male,club,2,129,129,2.0,12.0
829775,2015,2015,2015-05-03,35.0,Indian Premier League,Chandigarh,"Punjab Cricket Association IS Bindra Stadium, Mohali",Punjab Kings,Mumbai Indians,Mumbai Indians,bat,Mumbai Indians,0.0,win,23.0,,LMP Simmons,6,20,T20,T20,male,club,494,3,3,3.0,1035.0
829777,2015,2015,2015-05-03,36.0,Indian Premier League,Mumbai,"Brabourne Stadium, Mumbai",Rajasthan Royals,Delhi Capitals,Delhi Capitals,field,Rajasthan Royals,1.0,win,14.0,,AM Rahane,6,20,T20,T20,male,club,134,252,252,134.0,34.0
829779,2015,2015,2015-05-04,37.0,Indian Premier League,Chennai,"MA Chidambaram Stadium, Chepauk, Chennai",Chennai Super Kings,Royal Challengers Bangalore,Chennai Super Kings,bat,Chennai Super Kings,1.0,win,24.0,,SK Raina,6,20,T20,T20,male,club,129,1,129,129.0,47.0
829781,2015,2015,2015-05-04,38.0,Indian Premier League,Kolkata,"Eden Gardens, Kolkata",Kolkata Knight Riders,Sunrisers Hyderabad,Sunrisers Hyderabad,field,Kolkata Knight Riders,1.0,win,35.0,,UT Yadav,6,20,T20,T20,male,club,6,2,2,6.0,318.0
829783,2015,2015,2015-05-05,39.0,Indian Premier League,Mumbai,"Wankhede Stadium, Mumbai",Mumbai Indians,Delhi Capitals,Delhi Capitals,bat,Mumbai Indians,1.0,win,,5.0,Harbhajan Singh,6,20,T20,T20,male,club,3,252,252,3.0,228.0
829785,2015,2015,2015-05-06,40.0,Indian Premier League,Bangalore,"M Chinnaswamy Stadium, Bengaluru",Royal Challengers Bangalore,Punjab Kings,Punjab Kings,field,Royal Challengers Bangalore,1.0,win,138.0,,CH Gayle,6,20,T20,T20,male,club,1,494,494,1.0,1.0
829761,2015,2015,2015-05-07,42.0,Indian Premier League,Kolkata,"Eden Gardens, Kolkata",Kolkata Knight Riders,Delhi Capitals,Kolkata Knight Riders,bat,Kolkata Knight Riders,1.0,win,13.0,,PP Chawla,6,20,T20,T20,male,club,6,252,6,6.0,63.0
829787,2015,2015,2015-05-07,41.0,Indian Premier League,Mumbai,"Brabourne Stadium, Mumbai",Rajasthan Royals,Sunrisers Hyderabad,Rajasthan Royals,field,Sunrisers Hyderabad,0.0,win,7.0,,EJG Morgan,6,20,T20,T20,male,club,134,2,134,2.0,400.0
829789,2015,2015,2015-05-08,43.0,Indian Premier League,Chennai,"MA Chidambaram Stadium, Chepauk, Chennai",Chennai Super Kings,Mumbai Indians,Chennai Super Kings,bat,Mumbai Indians,0.0,win,,6.0,HH Pandya,6,20,T20,T20,male,club,129,3,129,3.0,30.0
829791,2015,2015,2015-05-09,44.0,Indian Premier League,Kolkata,"Eden Gardens, Kolkata",Kolkata Knight Riders,Punjab Kings,Punjab Kings,bat,Kolkata Knight Riders,1.0,win,,1.0,AD Russell,6,20,T20,T20,male,club,6,494,494,6.0,1437.0
829793,2015,2015,2015-05-09,45.0,Indian Premier League,Raipur,Shaheed Veer Narayan Singh International Stadium,Delhi Capitals,Sunrisers Hyderabad,Sunrisers Hyderabad,bat,Sunrisers Hyderabad,0.0,win,6.0,,MC Henriques,6,20,T20,T20,male,club,252,2,2,2.0,14.0
829795,2015,2015,2015-05-10,46.0,Indian Premier League,Mumbai,"Wankhede Stadium, Mumbai",Mumbai Indians,Royal Challengers Bangalore,Royal Challengers Bangalore,bat,Royal Challengers Bangalore,0.0,win,39.0,,AB de Villiers,6,20,T20,T20,male,club,3,1,1,1.0,245.0
829797,2015,2015,2015-05-10,47.0,Indian Premier League,Chennai,"MA Chidambaram Stadium, Chepauk, Chennai",Chennai Super Kings,Rajasthan Royals,Chennai Super Kings,bat,Chennai Super Kings,1.0,win,12.0,,RA Jadeja,6,20,T20,T20,male,club,129,134,129,129.0,348.0
829799,2015,2015,2015-05-11,48.0,Indian Premier League,Hyderabad,"Rajiv Gandhi International Stadium, Uppal, Hyderabad",Sunrisers Hyderabad,Punjab Kings,Sunrisers Hyderabad,bat,Sunrisers Hyderabad,1.0,win,5.0,,DA Warner,6,20,T20,T20,male,club,2,494,2,2.0,12.0
829801,2015,2015,2015-05-12,49.0,Indian Premier League,Raipur,Shaheed Veer Narayan Singh International Stadium,Delhi Capitals,Chennai Super Kings,Chennai Super Kings,bat,Delhi Capitals,1.0,win,,6.0,Z Khan,6,20,T20,T20,male,club,252,129,129,252.0,187.0
829803,2015,2015,2015-05-13,50.0,Indian Premier League,Chandigarh,"Punjab Cricket Association IS Bindra Stadium, Mohali",Punjab Kings,Royal Challengers Bangalore,Royal Challengers Bangalore,field,Punjab Kings,1.0,win,22.0,,AR Patel,6,20,T20,T20,male,club,494,1,1,494.0,70.0
829805,2015,2015,2015-05-14,51.0,Indian Premier League,Mumbai,"Wankhede Stadium, Mumbai",Mumbai Indians,Kolkata Knight Riders,Kolkata Knight Riders,field,Mumbai Indians,1.0,win,5.0,,HH Pandya,6,20,T20,T20,male,club,3,6,6,3.0,30.0
829807,2015,2015,2015-05-15,52.0,Indian Premier League,Hyderabad,"Rajiv Gandhi International Stadium, Uppal, Hyderabad",Sunrisers Hyderabad,Royal Challengers Bangalore,Sunrisers Hyderabad,bat,Royal Challengers Bangalore,0.0,win,,6.0,V Kohli,6,20,T20,T20,male,club,2,1,2,1.0,332.0
829809,2015,2015,2015-05-16,53.0,Indian Premier League,Chandigarh,"Punjab Cricket Association IS Bindra Stadium, Mohali",Punjab Kings,Chennai Super Kings,Punjab Kings,bat,Chennai Super Kings,0.0,win,,7.0,P Negi,6,20,T20,T20,male,club,494,129,494,129.0,172.0
829811,2015,2015,2015-05-16,54.0,Indian Premier League,Mumbai,"Brabourne Stadium, Mumbai",Rajasthan Royals,Kolkata Knight Riders,Rajasthan Royals,bat,Rajasthan Royals,1.0,win,9.0,,SR Watson,6,20,T20,T20,male,club,134,6,134,134.0,5.0
829813,2015,2015,2015-05-17,55.0,Indian Premier League,Bangalore,"M Chinnaswamy Stadium, Bengaluru",Royal Challengers Bangalore,Delhi Capitals,Royal Challengers Bangalore,field,,,no result,,,,6,20,T20,T20,male,club,1,252,1,,
829815,2015,2015,2015-05-17,56.0,Indian Premier League,Hyderabad,"Rajiv Gandhi International Stadium, Uppal, Hyderabad",Sunrisers Hyderabad,Mumbai Indians,Sunrisers Hyderabad,bat,Mumbai Indians,0.0,win,,9.0,MJ McClenaghan,6,20,T20,T20,male,club,2,3,2,3.0,32.0
829817,2015,2015,2015-05-19,,Indian Premier League,Mumbai,"Wankhede Stadium, Mumbai",Chennai Super Kings,Mumbai Indians,Mumbai Indians,bat,Mumbai Indians,0.0,win,25.0,,KA Pollard,6,20,T20,T20,male,club,129,3,3,3.0,29.0
829819,2015,2015,2015-05-20,,Indian Premier League,Pune,"Maharashtra Cricket Association Stadium, Pune",Royal Challengers Bangalore,Rajasthan Royals,Royal Challengers Bangalore,bat,Royal Challengers Bangalore,1.0,win,71.0,,AB de Villiers,6,20,T20,T20,male,club,1,134,1,1.0,245.0
829821,2015,2015,2015-05-22,,Indian Premier League,Ranchi,JSCA International Stadium Complex,Chennai Super Kings,Royal Challengers Bangalore,Chennai Super Kings,field,Chennai Super Kings,1.0,win,,3.0,A Nehra,6,20,T20,T20,male,club,129,1,129,129.0,21.0
829823,2015,2015,2015-05-24,,Indian Premier League,Kolkata,"Eden Gardens, Kolkata",Mumbai Indians,Chennai Super Kings,Chennai Super Kings,field,Mumbai Indians,1.0,win,41.0,,RG Sharma,6,20,T20,T20,male,club,3,129,129,3.0,25.0
980901,2016,2016,2016-04-09,1.0,Indian Premier League,Mumbai,"Wankhede Stadium, Mumbai",Mumbai Indians,Rising Pune Supergiant,Mumbai Indians,bat,Rising Pune Supergiant,0.0,win,,9.0,AM Rahane,6,20,T20,T20,male,club,3,4,3,4.0,34.0
980903,2016,2016,2016-04-10,2.0,Indian Premier League,Kolkata,"Eden Gardens, Kolkata",Kolkata Knight Riders,Delhi Capitals,Kolkata Knight Riders,field,Kolkata Knight Riders,1.0,win,,9.0,AD Russell,6,20,T20,T20,male,club,6,252,6,6.0,1437.0
980905,2016,2016,2016-04-11,3.0,Indian Premier League,Chandigarh,"Punjab Cricket Association IS Bindra Stadium, Mohali",Punjab Kings,Gujarat Lions,Gujarat Lions,field,Gujarat Lions,0.0,win,,5.0,AJ Finch,6,20,T20,T20,male,club,494,5,5,5.0,48.0
980907,2016,2016,2016-04-12,4.0,Indian Premier League,Bangalore,"M Chinnaswamy Stadium, Bengaluru",Royal Challengers Bangalore,Sunrisers Hyderabad,Sunrisers Hyderabad,field,Royal Challengers Bangalore,1.0,win,45.0,,AB de Villiers,6,20,T20,T20,male,club,1,2,2,1.0,245.0
980909,2016,2016,2016-04-13,5.0,Indian Premier League,Kolkata,"Eden Gardens, Kolkata",Kolkata Knight Riders,Mumbai Indians,Mumbai Indians,field,Mumbai Indians,0.0,win,,6.0,RG Sharma,6,20,T20,T20,male,club,6,3,3,3.0,25.0
980911,2016,2016,2016-04-14,6.0,Indian Premier League,Rajkot,Saurashtra Cricket Association Stadium,Gujarat Lions,Rising Pune Supergiant,Rising Pune Supergiant,bat,Gujarat Lions,1.0,win,,7.0,AJ Finch,6,20,T20,T20,male,club,5,4,4,5.0,48.0
980913,2016,2016,2016-04-15,7.0,Indian Premier League,Delhi,"Arun Jaitley Stadium, Delhi",Delhi Capitals,Punjab Kings,Delhi Capitals,field,Delhi Capitals,1.0,win,,8.0,A Mishra,6,20,T20,T20,male,club,252,494,252,252.0,185.0
980915,2016,2016,2016-04-16,8.0,Indian Premier League,Hyderabad,"Rajiv Gandhi International Stadium, Uppal, Hyderabad",Sunrisers Hyderabad,Kolkata Knight Riders,Sunrisers Hyderabad,bat,Kolkata Knight Riders,0.0,win,,8.0,G Gambhir,6,20,T20,T20,male,club,2,6,2,6.0,56.0
980917,2016,2016,2016-04-16,9.0,Indian Premier League,Mumbai,"Wankhede Stadium, Mumbai",Mumbai Indians,Gujarat Lions,Gujarat Lions,field,Gujarat Lions,0.0,win,,3.0,AJ Finch,6,20,T20,T20,male,club,3,5,5,5.0,48.0
980919,2016,2016,2016-04-17,10.0,Indian Premier League,Chandigarh,"Punjab Cricket Association IS Bindra Stadium, Mohali",Punjab Kings,Rising Pune Supergiant,Rising Pune Supergiant,bat,Punjab Kings,1.0,win,,6.0,M Vohra,6,20,T20,T20,male,club,494,4,4,494.0,68.0
980921,2016,2016,2016-04-17,11.0,Indian Premier League,Bangalore,"M Chinnaswamy Stadium, Bengaluru",Royal Challengers Bangalore,Delhi Capitals,Delhi Capitals,field,Delhi Capitals,0.0,win,,7.0,Q de Kock,6,20,T20,T20,male,club,1,252,252,252.0,1421.0
980923,2016,2016,2016-04-18,12.0,Indian Premier League,Hyderabad,"Rajiv Gandhi International Stadium, Uppal, Hyderabad",Sunrisers Hyderabad,Mumbai Indians,Sunrisers Hyderabad,field,Sunrisers Hyderabad,1.0,win,,7.0,DA Warner,6,20,T20,T20,male,club,2,3,2,2.0,12.0
980925,2016,2016,2016-04-19,13.0,Indian Premier League,Chandigarh,"Punjab Cricket Association IS Bindra Stadium, Mohali",Punjab Kings,Kolkata Knight Riders,Kolkata Knight Riders,field,Kolkata Knight Riders,0.0,win,,6.0,RV Uthappa,6,20,T20,T20,male,club,494,6,6,6.0,58.0
980927,2016,2016,2016-04-20,14.0,Indian Premier League,Mumbai,"Wankhede Stadium, Mumbai",Mumbai Indians,Royal Challengers Bangalore,Mumbai Indians,field,Mumbai Indians,1.0,win,,6.0,RG Sharma,6,20,T20,T20,male,club,3,1,3,3.0,25.0
980929,2016,2016,2016-04-21,15.0,Indian Premier League,Rajkot,Saurashtra Cricket Association Stadium,Gujarat Lions,Sunrisers Hyderabad,Sunrisers Hyderabad,field,Sunrisers Hyderabad,0.0,win,,10.0,B Kumar,6,20,T20,T20,male,club,5,2,2,2.0,20.0
980931,2016,2016,2016-04-22,16.0,Indian Premier League,Pune,"Maharashtra Cricket Association Stadium, Pune",Rising Pune Supergiant,Royal Challengers Bangalore,Rising Pune Supergiant,field,Royal Challengers Bangalore,0.0,win,13.0,,AB de Villiers,6,20,T20,T20,male,club,4,1,4,1.0,245.0
980933,2016,2016,2016-04-23,17.0,Indian Premier League,Delhi,"Arun Jaitley Stadium, Delhi",Delhi Capitals,Mumbai Indians,Mumbai Indians,field,Delhi Capitals,1.0,win,10.0,,SV Samson,6,20,T20,T20,male,club,252,3,3,252.0,180.0
980935,2016,2016,2016-04-23,18.0,Indian Premier League,Hyderabad,"Rajiv Gandhi International Stadium, Uppal, Hyderabad",Sunrisers Hyderabad,Punjab Kings,Sunrisers Hyderabad,field,Sunrisers Hyderabad,1.0,win,,5.0,Mustafizur Rahman,6,20,T20,T20,male,club,2,494,2,2.0,297.0
980937,2016,2016,2016-04-24,19.0,Indian Premier League,Rajkot,Saurashtra Cricket Association Stadium,Gujarat Lions,Royal Challengers Bangalore,Royal Challengers Bangalore,bat,Gujarat Lions,1.0,win,,6.0,V Kohli,6,20,T20,T20,male,club,5,1,1,5.0,332.0
980939,2016,2016,2016-04-24,20.0,Indian Premier League,Pune,"Maharashtra Cricket Association Stadium, Pune",Rising Pune Supergiant,Kolkata Knight Riders,Kolkata Knight Riders,field,Kolkata Knight Riders,0.0,win,,2.0,SA Yadav,6,20,T20,T20,male,club,4,6,6,6.0,61.0
980941,2016,2016,2016-04-25,21.0,Indian Premier League,Chandigarh,"Punjab Cricket Association IS Bindra Stadium, Mohali",Punjab Kings,Mumbai Indians,Punjab Kings,field,Mumbai Indians,0.0,win,25.0,,PA Patel,6,20,T20,T20,male,club,494,3,494,3.0,23.0
980943,2016,2016,2016-04-26,22.0,Indian Premier League,Hyderabad,"Rajiv Gandhi International Stadium, Uppal, Hyderabad",Sunrisers Hyderabad,Rising Pune Supergiant,Rising Pune Supergiant,field,Rising Pune Supergiant,0.0,win,34.0,,AB Dinda,6,20,T20,T20,male,club,2,4,4,4.0,43.0
980945,2016,2016,2016-04-27,23.0,Indian Premier League,Delhi,"Arun Jaitley Stadium, Delhi",Delhi Capitals,Gujarat Lions,Delhi Capitals,field,Gujarat Lions,0.0,win,1.0,,CH Morris,6,20,T20,T20,male,club,252,5,252,5.0,182.0
980947,2016,2016,2016-04-28,24.0,Indian Premier League,Mumbai,"Wankhede Stadium, Mumbai",Mumbai Indians,Kolkata Knight Riders,Mumbai Indians,field,Mumbai Indians,1.0,win,,6.0,RG Sharma,6,20,T20,T20,male,club,3,6,3,3.0,25.0
980949,2016,2016,2016-04-29,25.0,Indian Premier League,Pune,"Maharashtra Cricket Association Stadium, Pune",Rising Pune Supergiant,Gujarat Lions,Gujarat Lions,field,Gujarat Lions,0.0,win,,3.0,DR Smith,6,20,T20,T20,male,club,4,5,5,5.0,50.0
980951,2016,2016,2016-04-30,26.0,Indian Premier League,Delhi,"Arun Jaitley Stadium, Delhi",Delhi Capitals,Kolkata Knight Riders,Kolkata Knight Riders,field,Delhi Capitals,1.0,win,27.0,,CR Brathwaite,6,20,T20,T20,male,club,252,6,6,252.0,183.0
980953,2016,2016,2016-04-30,27.0,Indian Premier League,Hyderabad,"Rajiv Gandhi International Stadium, Uppal, Hyderabad",Sunrisers Hyderabad,Royal Challengers Bangalore,Royal Challengers Bangalore,field,Sunrisers Hyderabad,1.0,win,15.0,,DA Warner,6,20,T20,T20,male,club,2,1,1,2.0,12.0
980955,2016,2016,2016-05-01,28.0,Indian Premier League,Rajkot,Saurashtra Cricket Association Stadium,Gujarat Lions,Punjab Kings,Gujarat Lions,field,Punjab Kings,0.0,win,23.0,,AR Patel,6,20,T20,T20,male,club,5,494,5,494.0,70.0
980957,2016,2016,2016-05-01,29.0,Indian Premier League,Pune,"Maharashtra Cricket Association Stadium, Pune",Rising Pune Supergiant,Mumbai Indians,Mumbai Indians,field,Mumbai Indians,0.0,win,,8.0,RG Sharma,6,20,T20,T20,male,club,4,3,3,3.0,25.0
980959,2016,2016,2016-05-02,30.0,Indian Premier League,Bangalore,"M Chinnaswamy Stadium, Bengaluru",Royal Challengers Bangalore,Kolkata Knight Riders,Kolkata Knight Riders,field,Kolkata Knight Riders,0.0,win,,5.0,AD Russell,6,20,T20,T20,male,club,1,6,6,6.0,1437.0
980961,2016,2016,2016-05-03,31.0,Indian Premier League,Rajkot,Saurashtra Cricket Association Stadium,Gujarat Lions,Delhi Capitals,Delhi Capitals,field,Delhi Capitals,0.0,win,,8.0,RR Pant,6,20,T20,T20,male,club,5,252,252,252.0,181.0
980963,2016,2016,2016-05-04,32.0,Indian Premier League,Kolkata,"Eden Gardens, Kolkata",Kolkata Knight Riders,Punjab Kings,Punjab Kings,field,Kolkata Knight Riders,1.0,win,7.0,,AD Russell,6,20,T20,T20,male,club,6,494,494,6.0,1437.0
980965,2016,2016,2016-05-05,33.0,Indian Premier League,Delhi,"Arun Jaitley Stadium, Delhi",Delhi Capitals,Rising Pune Supergiant,Rising Pune Supergiant,field,Rising Pune Supergiant,0.0,win,,7.0,AM Rahane,6,20,T20,T20,male,club,252,4,4,4.0,34.0
980967,2016,2016,2016-05-06,34.0,Indian Premier League,Hyderabad,"Rajiv Gandhi International Stadium, Uppal, Hyderabad",Sunrisers Hyderabad,Gujarat Lions,Sunrisers Hyderabad,field,Sunrisers Hyderabad,1.0,win,,5.0,B Kumar,6,20,T20,T20,male,club,2,5,2,2.0,20.0
980969,2016,2016,2016-05-07,35.0,Indian Premier League,Bangalore,"M Chinnaswamy Stadium, Bengaluru",Royal Challengers Bangalore,Rising Pune Supergiant,Royal Challengers Bangalore,field,Royal Challengers Bangalore,1.0,win,,7.0,V Kohli,6,20,T20,T20,male,club,1,4,1,1.0,332.0
980971,2016,2016,2016-05-07,36.0,Indian Premier League,Chandigarh,"Punjab Cricket Association IS Bindra Stadium, Mohali",Punjab Kings,Delhi Capitals,Delhi Capitals,field,Punjab Kings,1.0,win,9.0,,MP Stoinis,6,20,T20,T20,male,club,494,252,252,494.0,73.0
980973,2016,2016,2016-05-08,37.0,Indian Premier League,Visakhapatnam,"Dr. Y.S. Rajasekhara Reddy ACA-VDCA Cricket Stadium, Visakhapatnam",Mumbai Indians,Sunrisers Hyderabad,Mumbai Indians,field,Sunrisers Hyderabad,0.0,win,85.0,,A Nehra,6,20,T20,T20,male,club,3,2,3,2.0,21.0
980975,2016,2016,2016-05-08,38.0,Indian Premier League,Kolkata,"Eden Gardens, Kolkata",Kolkata Knight Riders,Gujarat Lions,Gujarat Lions,field,Gujarat Lions,0.0,win,,5.0,P Kumar,6,20,T20,T20,male,club,6,5,5,5.0,52.0
980977,2016,2016,2016-05-09,39.0,Indian Premier League,Chandigarh,"Punjab Cricket Association IS Bindra Stadium, Mohali",Punjab Kings,Royal Challengers Bangalore,Punjab Kings,field,Royal Challengers Bangalore,0.0,win,1.0,,SR Watson,6,20,T20,T20,male,club,494,1,494,1.0,5.0
980979,2016,2016,2016-05-10,40.0,Indian Premier League,Visakhapatnam,"Dr. Y.S. Rajasekhara Reddy ACA-VDCA Cricket Stadium, Visakhapatnam",Rising Pune Supergiant,Sunrisers Hyderabad,Sunrisers Hyderabad,bat,Sunrisers Hyderabad,0.0,win,4.0,,A Zampa,6,20,T20,T20,male,club,4,2,2,2.0,42.0
980981,2016,2016,2016-05-11,41.0,Indian Premier League,Bangalore,"M Chinnaswamy Stadium, Bengaluru",Royal Challengers Bangalore,Mumbai Indians,Mumbai Indians,field,Mumbai Indians,0.0,win,,6.0,KH Pandya,6,20,T20,T20,male,club,1,3,3,3.0,28.0
980983,2016,2016,2016-05-12,42.0,Indian Premier League,Hyderabad,"Rajiv Gandhi International Stadium, Uppal, Hyderabad",Sunrisers Hyderabad,Delhi Capitals,Delhi Capitals,field,Delhi Capitals,0.0,win,,7.0,CH Morris,6,20,T20,T20,male,club,2,252,252,252.0,182.0
980985,2016,2016,2016-05-13,43.0,Indian Premier League,Visakhapatnam,"Dr. Y.S. Rajasekhara Reddy ACA-VDCA Cricket Stadium, Visakhapatnam",Mumbai Indians,Punjab Kings,Mumbai Indians,bat,Punjab Kings,0.0,win,,7.0,MP Stoinis,6,20,T20,T20,male,club,3,494,3,494.0,73.0
980987,2016,2016,2016-05-14,44.0,Indian Premier League,Bangalore,"M Chinnaswamy Stadium, Bengaluru",Royal Challengers Bangalore,Gujarat Lions,Gujarat Lions,field,Royal Challengers Bangalore,1.0,win,144.0,,AB de Villiers,6,20,T20,T20,male,club,1,5,5,1.0,245.0
980989,2016,2016,2016-05-14,45.0,Indian Premier League,Kolkata,"Eden Gardens, Kolkata",Kolkata Knight Riders,Rising Pune Supergiant,Rising Pune Supergiant,bat,Kolkata Knight Riders,1.0,win,,8.0,YK Pathan,6,20,T20,T20,male,club,6,4,4,6.0,60.0
980991,2016,2016,2016-05-15,46.0,Indian Premier League,Chandigarh,"Punjab Cricket Association IS Bindra Stadium, Mohali",Punjab Kings,Sunrisers Hyderabad,Punjab Kings,bat,Sunrisers Hyderabad,0.0,win,,7.0,HM Amla,6,20,T20,T20,male,club,494,2,494,2.0,67.0
980993,2016,2016,2016-05-15,47.0,Indian Premier League,Visakhapatnam,"Dr. Y.S. Rajasekhara Reddy ACA-VDCA Cricket Stadium, Visakhapatnam",Mumbai Indians,Delhi Capitals,Delhi Capitals,field,Mumbai Indians,1.0,win,80.0,,KH Pandya,6,20,T20,T20,male,club,3,252,252,3.0,28.0
980995,2016,2016,2016-05-16,48.0,Indian Premier League,Kolkata,"Eden Gardens, Kolkata",Kolkata Knight Riders,Royal Challengers Bangalore,Royal Challengers Bangalore,field,Royal Challengers Bangalore,0.0,win,,9.0,V Kohli,6,20,T20,T20,male,club,6,1,1,1.0,332.0
980997,2016,2016,2016-05-17,49.0,Indian Premier League,Visakhapatnam,"Dr. Y.S. Rajasekhara Reddy ACA-VDCA Cricket Stadium, Visakhapatnam",Rising Pune Supergiant,Delhi Capitals,Rising Pune Supergiant,field,Rising Pune Supergiant,1.0,win,19.0,,AB Dinda,6,20,T20,T20,male,club,4,252,4,4.0,43.0
980999,2016,2016,2016-05-18,50.0,Indian Premier League,Bangalore,"M Chinnaswamy Stadium, Bengaluru",Royal Challengers Bangalore,Punjab Kings,Punjab Kings,field,Royal Challengers Bangalore,1.0,win,82.0,,V Kohli,6,20,T20,T20,male,club,1,494,494,1.0,332.0
981001,2016,2016,2016-05-19,51.0,Indian Premier League,Kanpur,Green Park,Gujarat Lions,Kolkata Knight Riders,Gujarat Lions,field,Gujarat Lions,1.0,win,,6.0,DR Smith,6,20,T20,T20,male,club,5,6,5,5.0,50.0
981003,2016,2016,2016-05-20,52.0,Indian Premier League,Raipur,Shaheed Veer Narayan Singh International Stadium,Delhi Capitals,Sunrisers Hyderabad,Delhi Capitals,field,Delhi Capitals,1.0,win,,6.0,KK Nair,6,20,T20,T20,male,club,252,2,252,252.0,179.0
981005,2016,2016,2016-05-21,53.0,Indian Premier League,Visakhapatnam,"Dr. Y.S. Rajasekhara Reddy ACA-VDCA Cricket Stadium, Visakhapatnam",Rising Pune Supergiant,Punjab Kings,Punjab Kings,bat,Rising Pune Supergiant,1.0,win,,4.0,MS Dhoni,6,20,T20,T20,male,club,4,494,494,4.0,38.0
981007,2016,2016,2016-05-21,54.0,Indian Premier League,Kanpur,Green Park,Gujarat Lions,Mumbai Indians,Gujarat Lions,field,Gujarat Lions,1.0,win,,6.0,SK Raina,6,20,T20,T20,male,club,5,3,5,5.0,47.0
981009,2016,2016,2016-05-22,55.0,Indian Premier League,Kolkata,"Eden Gardens, Kolkata",Kolkata Knight Riders,Sunrisers Hyderabad,Sunrisers Hyderabad,field,Kolkata Knight Riders,1.0,win,22.0,,YK Pathan,6,20,T20,T20,male,club,6,2,2,6.0,60.0
981011,2016,2016,2016-05-22,56.0,Indian Premier League,Raipur,Shaheed Veer Narayan Singh International Stadium,Delhi Capitals,Royal Challengers Bangalore,Royal Challengers Bangalore,field,Royal Challengers Bangalore,0.0,win,,6.0,V Kohli,6,20,T20,T20,male,club,252,1,1,1.0,332.0
981013,2016,2016,2016-05-24,,Indian Premier League,Bangalore,"M Chinnaswamy Stadium, Bengaluru",Gujarat Lions,Royal Challengers Bangalore,Royal Challengers Bangalore,field,Royal Challengers Bangalore,0.0,win,,4.0,AB de Villiers,6,20,T20,T20,male,club,5,1,1,1.0,245.0
981015,2016,2016,2016-05-25,,Indian Premier League,Delhi,"Arun Jaitley Stadium, Delhi",Sunrisers Hyderabad,Kolkata Knight Riders,Kolkata Knight Riders,field,Sunrisers Hyderabad,1.0,win,22.0,,MC Henriques,6,20,T20,T20,male,club,2,6,6,2.0,14.0
981017,2016,2016,2016-05-27,,Indian Premier League,Delhi,"Arun Jaitley Stadium, Delhi",Gujarat Lions,Sunrisers Hyderabad,Sunrisers Hyderabad,field,Sunrisers Hyderabad,0.0,win,,4.0,DA Warner,6,20,T20,T20,male,club,5,2,2,2.0,12.0
981019,2016,2016,2016-05-29,,Indian Premier League,Bangalore,"M Chinnaswamy Stadium, Bengaluru",Royal Challengers Bangalore,Sunrisers Hyderabad,Sunrisers Hyderabad,bat,Sunrisers Hyderabad,0.0,win,8.0,,BCJ Cutting,6,20,T20,T20,male,club,1,2,2,2.0,17.0
1082591,2017,2017,2017-04-05,1.0,Indian Premier League,Hyderabad,"Rajiv Gandhi International Stadium, Uppal, Hyderabad",Sunrisers Hyderabad,Royal Challengers Bangalore,Royal Challengers Bangalore,field,Sunrisers Hyderabad,1.0,win,35.0,,Yuvraj Singh,6,20,T20,T20,male,club,2,1,1,2.0,15.0
1082592,2017,2017,2017-04-06,2.0,Indian Premier League,Pune,"Maharashtra Cricket Association Stadium, Pune",Rising Pune Supergiant,Mumbai Indians,Rising Pune Supergiant,field,Rising Pune Supergiant,1.0,win,,7.0,SPD Smith,6,20,T20,T20,male,club,4,3,4,4.0,36.0
1082593,2017,2017,2017-04-07,3.0,Indian Premier League,Rajkot,Saurashtra Cricket Association Stadium,Gujarat Lions,Kolkata Knight Riders,Kolkata Knight Riders,field,Kolkata Knight Riders,0.0,win,,10.0,CA Lynn,6,20,T20,T20,male,club,5,6,6,6.0,57.0
1082594,2017,2017,2017-04-08,4.0,Indian Premier League,Indore,Holkar Cricket Stadium,Punjab Kings,Rising Pune Supergiant,Punjab Kings,field,Punjab Kings,1.0,win,,6.0,GJ Maxwell,6,20,T20,T20,male,club,494,4,494,494.0,71.0
1082595,2017,2017,2017-04-08,5.0,Indian Premier League,Bengaluru,"M Chinnaswamy Stadium, Bengaluru",Royal Challengers Bangalore,Delhi Capitals,Royal Challengers Bangalore,bat,Royal Challengers Bangalore,1.0,win,15.0,,KM Jadhav,6,20,T20,T20,male,club,1,252,1,1.0,4.0
1082596,2017,2017,2017-04-09,6.0,Indian Premier League,Hyderabad,"Rajiv Gandhi International Stadium, Uppal, Hyderabad",Sunrisers Hyderabad,Gujarat Lions,Sunrisers Hyderabad,field,Sunrisers Hyderabad,1.0,win,,9.0,Rashid Khan,6,20,T20,T20,male,club,2,5,2,2.0,22.0
1082597,2017,2017,2017-04-09,7.0,Indian Premier League,Mumbai,"Wankhede Stadium, Mumbai",Mumbai Indians,Kolkata Knight Riders,Mumbai Indians,field,Mumbai Indians,1.0,win,,4.0,N Rana,6,20,T20,T20,male,club,3,6,3,3.0,26.0
1082598,2017,2017,2017-04-10,8.0,Indian Premier League,Indore,Holkar Cricket Stadium,Punjab Kings,Royal Challengers Bangalore,Royal Challengers Bangalore,bat,Punjab Kings,1.0,win,,8.0,AR Patel,6,20,T20,T20,male,club,494,1,1,494.0,70.0
1082599,2017,2017,2017-04-11,9.0,Indian Premier League,Pune,"Maharashtra Cricket Association Stadium, Pune",Rising Pune Supergiant,Delhi Capitals,Rising Pune Supergiant,field,Delhi Capitals,0.0,win,97.0,,SV Samson,6,20,T20,T20,male,club,4,252,4,252.0,180.0
1082600,2017,2017,2017-04-12,10.0,Indian Premier League,Mumbai,"Wankhede Stadium, Mumbai",Mumbai Indians,Sunrisers Hyderabad,Mumbai Indians,field,Mumbai Indians,1.0,win,,4.0,JJ Bumrah,6,20,T20,T20,male,club,3,2,3,3.0,33.0
1082601,2017,2017,2017-04-13,11.0,Indian Premier League,Kolkata,"Eden Gardens, Kolkata",Kolkata Knight Riders,Punjab Kings,Kolkata Knight Riders,field,Kolkata Knight Riders,1.0,win,,8.0,SP Narine,6,20,T20,T20,male,club,6,494,6,6.0,65.0
1082602,2017,2017,2017-04-14,12.0,Indian Premier League,Bangalore,"M Chinnaswamy Stadium, Bengaluru",Royal Challengers Bangalore,Mumbai Indians,Mumbai Indians,field,Mumbai Indians,0.0,win,,4.0,KA Pollard,6,20,T20,T20,male,club,1,3,3,3.0,29.0
1082603,2017,2017,2017-04-14,13.0,Indian Premier League,Rajkot,Saurashtra Cricket Association Stadium,Gujarat Lions,Rising Pune Supergiant,Gujarat Lions,field,Gujarat Lions,1.0,win,,7.0,AJ Tye,6,20,T20,T20,male,club,5,4,5,5.0,351.0
1082604,2017,2017,2017-04-15,14.0,Indian Premier League,Kolkata,"Eden Gardens, Kolkata",Kolkata Knight Riders,Sunrisers Hyderabad,Sunrisers Hyderabad,field,Kolkata Knight Riders,1.0,win,17.0,,RV Uthappa,6,20,T20,T20,male,club,6,2,2,6.0,58.0
1082605,2017,2017,2017-04-15,15.0,Indian Premier League,Delhi,"Arun Jaitley Stadium, Delhi",Delhi Capitals,Punjab Kings,Delhi Capitals,bat,Delhi Capitals,1.0,win,51.0,,CJ Anderson,6,20,T20,T20,male,club,252,494,252,252.0,258.0
1082606,2017,2017,2017-04-16,16.0,Indian Premier League,Mumbai,"Wankhede Stadium, Mumbai",Mumbai Indians,Gujarat Lions,Mumbai Indians,field,Mumbai Indians,1.0,win,,6.0,N Rana,6,20,T20,T20,male,club,3,5,3,3.0,26.0
1082607,2017,2017,2017-04-16,17.0,Indian Premier League,Bangalore,"M Chinnaswamy Stadium, Bengaluru",Royal Challengers Bangalore,Rising Pune Supergiant,Royal Challengers Bangalore,field,Rising Pune Supergiant,0.0,win,27.0,,BA Stokes,6,20,T20,T20,male,club,1,4,1,4.0,37.0
1082608,2017,2017,2017-04-17,18.0,Indian Premier League,Delhi,"Arun Jaitley Stadium, Delhi",Delhi Capitals,Kolkata Knight Riders,Delhi Capitals,bat,Kolkata Knight Riders,0.0,win,,4.0,NM Coulter-Nile,6,20,T20,T20,male,club,252,6,252,6.0,471.0
1082609,2017,2017,2017-04-17,19.0,Indian Premier League,Hyderabad,"Rajiv Gandhi International Stadium, Uppal, Hyderabad",Sunrisers Hyderabad,Punjab Kings,Punjab Kings,field,Sunrisers Hyderabad,1.0,win,5.0,,B Kumar,6,20,T20,T20,male,club,2,494,494,2.0,20.0
1082610,2017,2017,2017-04-18,20.0,Indian Premier League,Rajkot,Saurashtra Cricket Association Stadium,Gujarat Lions,Royal Challengers Bangalore,Gujarat Lions,field,Royal Challengers Bangalore,0.0,win,21.0,,CH Gayle,6,20,T20,T20,male,club,5,1,5,1.0,1.0
1082611,2017,2017,2017-04-19,21.0,Indian Premier League,Hyderabad,"Rajiv Gandhi International Stadium, Uppal, Hyderabad",Sunrisers Hyderabad,Delhi Capitals,Sunrisers Hyderabad,bat,Sunrisers Hyderabad,1.0,win,15.0,,KS Williamson,6,20,T20,T20,male,club,2,252,2,2.0,531.0
1082612,2017,2017,2017-04-20,22.0,Indian Premier League,Indore,Holkar Cricket Stadium,Punjab Kings,Mumbai Indians,Mumbai Indians,field,Mumbai Indians,0.0,win,,8.0,JC Buttler,6,20,T20,T20,male,club,494,3,3,3.0,24.0
1082613,2017,2017,2017-04-21,23.0,Indian Premier League,Kolkata,"Eden Gardens, Kolkata",Kolkata Knight Riders,Gujarat Lions,Gujarat Lions,field,Gujarat Lions,0.0,win,,4.0,SK Raina,6,20,T20,T20,male,club,6,5,5,5.0,47.0
1082614,2017,2017,2017-04-22,25.0,Indian Premier League,Mumbai,"Wankhede Stadium, Mumbai",Mumbai Indians,Delhi Capitals,Delhi Capitals,field,Mumbai Indians,1.0,win,14.0,,MJ McClenaghan,6,20,T20,T20,male,club,3,252,252,3.0,32.0
1082615,2017,2017,2017-04-22,24.0,Indian Premier League,Pune,"Maharashtra Cricket Association Stadium, Pune",Rising Pune Supergiant,Sunrisers Hyderabad,Rising Pune Supergiant,field,Rising Pune Supergiant,1.0,win,,6.0,MS Dhoni,6,20,T20,T20,male,club,4,2,4,4.0,38.0
1082616,2017,2017,2017-04-23,26.0,Indian Premier League,Rajkot,Saurashtra Cricket Association Stadium,Gujarat Lions,Punjab Kings,Gujarat Lions,field,Punjab Kings,0.0,win,26.0,,HM Amla,6,20,T20,T20,male,club,5,494,5,494.0,67.0
1082617,2017,2017,2017-04-23,27.0,Indian Premier League,Kolkata,"Eden Gardens, Kolkata",Kolkata Knight Riders,Royal Challengers Bangalore,Royal Challengers Bangalore,field,Kolkata Knight Riders,1.0,win,82.0,,NM Coulter-Nile,6,20,T20,T20,male,club,6,1,1,6.0,471.0
1082618,2017,2017,2017-04-24,28.0,Indian Premier League,Mumbai,"Wankhede Stadium, Mumbai",Mumbai Indians,Rising Pune Supergiant,Mumbai Indians,field,Rising Pune Supergiant,0.0,win,3.0,,BA Stokes,6,20,T20,T20,male,club,3,4,3,4.0,37.0
1082620,2017,2017,2017-04-26,30.0,Indian Premier League,Pune,"Maharashtra Cricket Association Stadium, Pune",Rising Pune Supergiant,Kolkata Knight Riders,Kolkata Knight Riders,field,Kolkata Knight Riders,0.0,win,,7.0,RV Uthappa,6,20,T20,T20,male,club,4,6,6,6.0,58.0
1082621,2017,2017,2017-04-27,31.0,Indian Premier League,Bangalore,"M Chinnaswamy Stadium, Bengaluru",Royal Challengers Bangalore,Gujarat Lions,Gujarat Lions,field,Gujarat Lions,0.0,win,,7.0,AJ Tye,6,20,T20,T20,male,club,1,5,5,5.0,351.0
1082622,2017,2017,2017-04-28,32.0,Indian Premier League,Kolkata,"Eden Gardens, Kolkata",Kolkata Knight Riders,Delhi Capitals,Kolkata Knight Riders,field,Kolkata Knight Riders,1.0,win,,7.0,G Gambhir,6,20,T20,T20,male,club,6,252,6,6.0,56.0
1082623,2017,2017,2017-04-28,33.0,Indian Premier League,Chandigarh,"Punjab Cricket Association IS Bindra Stadium, Mohali",Punjab Kings,Sunrisers Hyderabad,Punjab Kings,field,Sunrisers Hyderabad,0.0,win,26.0,,Rashid Khan,6,20,T20,T20,male,club,494,2,494,2.0,22.0
1082624,2017,2017,2017-04-29,34.0,Indian Premier League,Pune,"Maharashtra Cricket Association Stadium, Pune",Rising Pune Supergiant,Royal Challengers Bangalore,Royal Challengers Bangalore,field,Rising Pune Supergiant,1.0,win,61.0,,LH Ferguson,6,20,T20,T20,male,club,4,1,1,4.0,361.0
1082625,2017,2017,2017-04-29,35.0,Indian Premier League,Rajkot,Saurashtra Cricket Association Stadium,Gujarat Lions,Mumbai Indians,Gujarat Lions,bat,Mumbai Indians,0.0,tie,,,KH Pandya,6,20,T20,T20,male,club,5,3,5,3.0,28.0
1082626,2017,2017,2017-04-30,36.0,Indian Premier League,Chandigarh,"Punjab Cricket Association IS Bindra Stadium, Mohali",Punjab Kings,Delhi Capitals,Punjab Kings,field,Punjab Kings,1.0,win,,10.0,Sandeep Sharma,6,20,T20,T20,male,club,494,252,494,494.0,76.0
1082627,2017,2017,2017-04-30,37.0,Indian Premier League,Hyderabad,"Rajiv Gandhi International Stadium, Uppal, Hyderabad",Sunrisers Hyderabad,Kolkata Knight Riders,Kolkata Knight Riders,field,Sunrisers Hyderabad,1.0,win,48.0,,DA Warner,6,20,T20,T20,male,club,2,6,6,2.0,12.0
1082628,2017,2017,2017-05-01,38.0,Indian Premier League,Mumbai,"Wankhede Stadium, Mumbai",Mumbai Indians,Royal Challengers Bangalore,Royal Challengers Bangalore,bat,Mumbai Indians,1.0,win,,5.0,RG Sharma,6,20,T20,T20,male,club,3,1,1,3.0,25.0
1082629,2017,2017,2017-05-01,39.0,Indian Premier League,Pune,"Maharashtra Cricket Association Stadium, Pune",Rising Pune Supergiant,Gujarat Lions,Rising Pune Supergiant,field,Rising Pune Supergiant,1.0,win,,5.0,BA Stokes,6,20,T20,T20,male,club,4,5,4,4.0,37.0
1082630,2017,2017,2017-05-02,40.0,Indian Premier League,Delhi,"Arun Jaitley Stadium, Delhi",Delhi Capitals,Sunrisers Hyderabad,Delhi Capitals,field,Delhi Capitals,1.0,win,,6.0,Mohammed Shami,6,20,T20,T20,male,club,252,2,252,252.0,460.0
1082631,2017,2017,2017-05-03,41.0,Indian Premier League,Kolkata,"Eden Gardens, Kolkata",Kolkata Knight Riders,Rising Pune Supergiant,Rising Pune Supergiant,field,Rising Pune Supergiant,0.0,win,,4.0,RA Tripathi,6,20,T20,T20,male,club,6,4,4,4.0,268.0
1082632,2017,2017,2017-05-04,42.0,Indian Premier League,Delhi,"Arun Jaitley Stadium, Delhi",Delhi Capitals,Gujarat Lions,Delhi Capitals,field,Delhi Capitals,1.0,win,,7.0,RR Pant,6,20,T20,T20,male,club,252,5,252,252.0,181.0
1082633,2017,2017,2017-05-05,43.0,Indian Premier League,Bangalore,"M Chinnaswamy Stadium, Bengaluru",Royal Challengers Bangalore,Punjab Kings,Royal Challengers Bangalore,field,Punjab Kings,0.0,win,19.0,,Sandeep Sharma,6,20,T20,T20,male,club,1,494,1,494.0,76.0
1082634,2017,2017,2017-05-06,44.0,Indian Premier League,Hyderabad,"Rajiv Gandhi International Stadium, Uppal, Hyderabad",Sunrisers Hyderabad,Rising Pune Supergiant,Sunrisers Hyderabad,field,Rising Pune Supergiant,0.0,win,12.0,,JD Unadkat,6,20,T20,T20,male,club,2,4,2,4.0,438.0
1082635,2017,2017,2017-05-06,45.0,Indian Premier League,Delhi,"Arun Jaitley Stadium, Delhi",Delhi Capitals,Mumbai Indians,Delhi Capitals,field,Mumbai Indians,0.0,win,146.0,,LMP Simmons,6,20,T20,T20,male,club,252,3,252,3.0,1035.0
1082636,2017,2017,2017-05-07,46.0,Indian Premier League,Bangalore,"M Chinnaswamy Stadium, Bengaluru",Royal Challengers Bangalore,Kolkata Knight Riders,Kolkata Knight Riders,field,Kolkata Knight Riders,0.0,win,,6.0,SP Narine,6,20,T20,T20,male,club,1,6,6,6.0,65.0
1082637,2017,2017,2017-05-07,47.0,Indian Premier League,Chandigarh,"Punjab Cricket Association IS Bindra Stadium, Mohali",Punjab Kings,Gujarat Lions,Gujarat Lions,field,Gujarat Lions,0.0,win,,6.0,DR Smith,6,20,T20,T20,male,club,494,5,5,5.0,50.0
1082638,2017,2017,2017-05-08,48.0,Indian Premier League,Hyderabad,"Rajiv Gandhi International Stadium, Uppal, Hyderabad",Sunrisers Hyderabad,Mumbai Indians,Mumbai Indians,bat,Sunrisers Hyderabad,1.0,win,,7.0,S Dhawan,6,20,T20,T20,male,club,2,3,3,2.0,13.0
1082639,2017,2017,2017-05-09,49.0,Indian Premier League,Chandigarh,"Punjab Cricket Association IS Bindra Stadium, Mohali",Punjab Kings,Kolkata Knight Riders,Kolkata Knight Riders,field,Punjab Kings,1.0,win,14.0,,MM Sharma,6,20,T20,T20,male,club,494,6,6,494.0,75.0
1082640,2017,2017,2017-05-10,50.0,Indian Premier League,Kanpur,Green Park,Gujarat Lions,Delhi Capitals,Delhi Capitals,field,Delhi Capitals,0.0,win,,2.0,SS Iyer,6,20,T20,T20,male,club,5,252,252,252.0,389.0
1082641,2017,2017,2017-05-11,51.0,Indian Premier League,Mumbai,"Wankhede Stadium, Mumbai",Mumbai Indians,Punjab Kings,Mumbai Indians,field,Punjab Kings,0.0,win,7.0,,WP Saha,6,20,T20,T20,male,club,3,494,3,494.0,69.0
1082642,2017,2017,2017-05-12,52.0,Indian Premier League,Delhi,"Arun Jaitley Stadium, Delhi",Delhi Capitals,Rising Pune Supergiant,Delhi Capitals,bat,Delhi Capitals,1.0,win,7.0,,KK Nair,6,20,T20,T20,male,club,252,4,252,252.0,179.0
1082643,2017,2017,2017-05-13,53.0,Indian Premier League,Kanpur,Green Park,Gujarat Lions,Sunrisers Hyderabad,Sunrisers Hyderabad,field,Sunrisers Hyderabad,0.0,win,,8.0,Mohammed Siraj,6,20,T20,T20,male,club,5,2,2,2.0,538.0
1082644,2017,2017,2017-05-13,54.0,Indian Premier League,Kolkata,"Eden Gardens, Kolkata",Kolkata Knight Riders,Mumbai Indians,Kolkata Knight Riders,field,Mumbai Indians,0.0,win,9.0,,AT Rayudu,6,20,T20,T20,male,club,6,3,6,3.0,27.0
1082645,2017,2017,2017-05-14,55.0,Indian Premier League,Pune,"Maharashtra Cricket Association Stadium, Pune",Rising Pune Supergiant,Punjab Kings,Rising Pune Supergiant,field,Rising Pune Supergiant,1.0,win,,9.0,JD Unadkat,6,20,T20,T20,male,club,4,494,4,4.0,438.0
1082646,2017,2017,2017-05-14,56.0,Indian Premier League,Delhi,"Arun Jaitley Stadium, Delhi",Delhi Capitals,Royal Challengers Bangalore,Royal Challengers Bangalore,bat,Royal Challengers Bangalore,0.0,win,10.0,,HV Patel,6,20,T20,T20,male,club,252,1,1,1.0,1285.0
1082647,2017,2017,2017-05-16,,Indian Premier League,Mumbai,"Wankhede Stadium, Mumbai",Mumbai Indians,Rising Pune Supergiant,Mumbai Indians,field,Rising Pune Supergiant,0.0,win,20.0,,Washington Sundar,6,20,T20,T20,male,club,3,4,3,4.0,613.0
1082648,2017,2017,2017-05-17,,Indian Premier League,Bangalore,"M Chinnaswamy Stadium, Bengaluru",Sunrisers Hyderabad,Kolkata Knight Riders,Kolkata Knight Riders,field,Kolkata Knight Riders,0.0,win,,7.0,NM Coulter-Nile,6,20,T20,T20,male,club,2,6,6,6.0,471.0
1082649,2017,2017,2017-05-19,,Indian Premier League,Bangalore,"M Chinnaswamy Stadium, Bengaluru",Mumbai Indians,Kolkata Knight Riders,Mumbai Indians,field,Mumbai Indians,1.0,win,,6.0,KV Sharma,6,20,T20,T20,male,club,3,6,3,3.0,676.0
1082650,2017,2017,2017-05-21,,Indian Premier League,Hyderabad,"Rajiv Gandhi International Stadium, Uppal, Hyderabad",Mumbai Indians,Rising Pune Supergiant,Mumbai Indians,bat,Mumbai Indians,1.0,win,1.0,,KH Pandya,6,20,T20,T20,male,club,3,4,3,3.0,28.0
1136561,2018,2018,2018-04-07,1.0,Indian Premier League,Mumbai,"Wankhede Stadium, Mumbai",Mumbai Indians,Chennai Super Kings,Chennai Super Kings,field,Chennai Super Kings,0.0,win,,1.0,DJ Bravo,6,20,T20,T20,male,club,3,129,129,129.0,1393.0
1136562,2018,2018,2018-04-08,2.0,Indian Premier League,Chandigarh,"Punjab Cricket Association IS Bindra Stadium, Mohali",Delhi Capitals,Punjab Kings,Punjab Kings,field,Punjab Kings,0.0,win,,6.0,KL Rahul,6,20,T20,T20,male,club,252,494,494,494.0,1409.0
1136563,2018,2018,2018-04-08,3.0,Indian Premier League,Kolkata,"Eden Gardens, Kolkata",Royal Challengers Bangalore,Kolkata Knight Riders,Kolkata Knight Riders,field,Kolkata Knight Riders,0.0,win,,4.0,SP Narine,6,20,T20,T20,male,club,1,6,6,6.0,65.0
1136564,2018,2018,2018-04-09,4.0,Indian Premier League,Hyderabad,"Rajiv Gandhi International Stadium, Uppal, Hyderabad",Rajasthan Royals,Sunrisers Hyderabad,Sunrisers Hyderabad,field,Sunrisers Hyderabad,0.0,win,,9.0,S Dhawan,6,20,T20,T20,male,club,134,2,2,2.0,13.0
1136565,2018,2018,2018-04-10,5.0,Indian Premier League,Chennai,"MA Chidambaram Stadium, Chepauk, Chennai",Kolkata Knight Riders,Chennai Super Kings,Chennai Super Kings,field,Chennai Super Kings,0.0,win,,5.0,SW Billings,6,20,T20,T20,male,club,6,129,129,129.0,178.0
1136566,2018,2018,2018-04-11,6.0,Indian Premier League,Jaipur,"Sawai Mansingh Stadium, Jaipur",Rajasthan Royals,Delhi Capitals,Delhi Capitals,field,Rajasthan Royals,1.0,win,10.0,,SV Samson,6,20,T20,T20,male,club,134,252,252,134.0,180.0
1136567,2018,2018,2018-04-12,7.0,Indian Premier League,Hyderabad,"Rajiv Gandhi International Stadium, Uppal, Hyderabad",Mumbai Indians,Sunrisers Hyderabad,Sunrisers Hyderabad,field,Sunrisers Hyderabad,0.0,win,,1.0,Rashid Khan,6,20,T20,T20,male,club,3,2,2,2.0,22.0
1136568,2018,2018,2018-04-13,8.0,Indian Premier League,Bengaluru,"M Chinnaswamy Stadium, Bengaluru",Punjab Kings,Royal Challengers Bangalore,Royal Challengers Bangalore,field,Royal Challengers Bangalore,0.0,win,,4.0,UT Yadav,6,20,T20,T20,male,club,494,1,1,1.0,318.0
1136569,2018,2018,2018-04-14,9.0,Indian Premier League,Mumbai,"Wankhede Stadium, Mumbai",Mumbai Indians,Delhi Capitals,Delhi Capitals,field,Delhi Capitals,0.0,win,,7.0,JJ Roy,6,20,T20,T20,male,club,3,252,252,252.0,45.0
1136570,2018,2018,2018-04-14,10.0,Indian Premier League,Kolkata,"Eden Gardens, Kolkata",Kolkata Knight Riders,Sunrisers Hyderabad,Sunrisers Hyderabad,field,Sunrisers Hyderabad,0.0,win,,5.0,B Stanlake,6,20,T20,T20,male,club,6,2,2,2.0,176.0
1136571,2018,2018,2018-04-15,11.0,Indian Premier League,Bengaluru,"M Chinnaswamy Stadium, Bengaluru",Rajasthan Royals,Royal Challengers Bangalore,Royal Challengers Bangalore,field,Rajasthan Royals,1.0,win,19.0,,SV Samson,6,20,T20,T20,male,club,134,1,1,134.0,180.0
1136572,2018,2018,2018-04-15,12.0,Indian Premier League,Chandigarh,"Punjab Cricket Association IS Bindra Stadium, Mohali",Punjab Kings,Chennai Super Kings,Chennai Super Kings,field,Punjab Kings,1.0,win,4.0,,CH Gayle,6,20,T20,T20,male,club,494,129,129,494.0,1.0
1136573,2018,2018,2018-04-16,13.0,Indian Premier League,Kolkata,"Eden Gardens, Kolkata",Kolkata Knight Riders,Delhi Capitals,Delhi Capitals,field,Kolkata Knight Riders,1.0,win,71.0,,N Rana,6,20,T20,T20,male,club,6,252,252,6.0,26.0
1136574,2018,2018,2018-04-17,14.0,Indian Premier League,Mumbai,"Wankhede Stadium, Mumbai",Mumbai Indians,Royal Challengers Bangalore,Royal Challengers Bangalore,field,Mumbai Indians,1.0,win,46.0,,RG Sharma,6,20,T20,T20,male,club,3,1,1,3.0,25.0
1136575,2018,2018,2018-04-18,15.0,Indian Premier League,Jaipur,"Sawai Mansingh Stadium, Jaipur",Rajasthan Royals,Kolkata Knight Riders,Kolkata Knight Riders,field,Kolkata Knight Riders,0.0,win,,7.0,N Rana,6,20,T20,T20,male,club,134,6,6,6.0,26.0
1136576,2018,2018,2018-04-19,16.0,Indian Premier League,Chandigarh,"Punjab Cricket Association IS Bindra Stadium, Mohali",Punjab Kings,Sunrisers Hyderabad,Punjab Kings,bat,Punjab Kings,1.0,win,15.0,,CH Gayle,6,20,T20,T20,male,club,494,2,494,494.0,1.0
1136577,2018,2018,2018-04-20,17.0,Indian Premier League,Pune,"Maharashtra Cricket Association Stadium, Pune",Chennai Super Kings,Rajasthan Royals,Rajasthan Royals,field,Chennai Super Kings,1.0,win,64.0,,SR Watson,6,20,T20,T20,male,club,129,134,134,129.0,5.0
1136578,2018,2018,2018-04-21,18.0,Indian Premier League,Kolkata,"Eden Gardens, Kolkata",Kolkata Knight Riders,Punjab Kings,Punjab Kings,field,Punjab Kings,0.0,win,,9.0,KL Rahul,6,20,T20,T20,male,club,6,494,494,494.0,1409.0
1136579,2018,2018,2018-04-21,19.0,Indian Premier League,Bengaluru,"M Chinnaswamy Stadium, Bengaluru",Delhi Capitals,Royal Challengers Bangalore,Royal Challengers Bangalore,field,Royal Challengers Bangalore,0.0,win,,6.0,AB de Villiers,6,20,T20,T20,male,club,252,1,1,1.0,245.0
1136580,2018,2018,2018-04-22,20.0,Indian Premier League,Hyderabad,"Rajiv Gandhi International Stadium, Uppal, Hyderabad",Chennai Super Kings,Sunrisers Hyderabad,Sunrisers Hyderabad,field,Chennai Super Kings,1.0,win,4.0,,AT Rayudu,6,20,T20,T20,male,club,129,2,2,129.0,27.0
1136581,2018,2018,2018-04-22,21.0,Indian Premier League,Jaipur,"Sawai Mansingh Stadium, Jaipur",Mumbai Indians,Rajasthan Royals,Mumbai Indians,bat,Rajasthan Royals,0.0,win,,3.0,JC Archer,6,20,T20,T20,male,club,3,134,3,134.0,1833.0
1136582,2018,2018,2018-04-23,22.0,Indian Premier League,Delhi,"Arun Jaitley Stadium, Delhi",Punjab Kings,Delhi Capitals,Delhi Capitals,field,Punjab Kings,1.0,win,4.0,,AS Rajpoot,6,20,T20,T20,male,club,494,252,252,494.0,219.0
1136583,2018,2018,2018-04-24,23.0,Indian Premier League,Mumbai,"Wankhede Stadium, Mumbai",Sunrisers Hyderabad,Mumbai Indians,Mumbai Indians,field,Sunrisers Hyderabad,1.0,win,31.0,,Rashid Khan,6,20,T20,T20,male,club,2,3,3,2.0,22.0
1136584,2018,2018,2018-04-25,24.0,Indian Premier League,Bengaluru,"M Chinnaswamy Stadium, Bengaluru",Royal Challengers Bangalore,Chennai Super Kings,Chennai Super Kings,field,Chennai Super Kings,0.0,win,,5.0,MS Dhoni,6,20,T20,T20,male,club,1,129,129,129.0,38.0
1136585,2018,2018,2018-04-26,25.0,Indian Premier League,Hyderabad,"Rajiv Gandhi International Stadium, Uppal, Hyderabad",Sunrisers Hyderabad,Punjab Kings,Punjab Kings,field,Sunrisers Hyderabad,1.0,win,13.0,,AS Rajpoot,6,20,T20,T20,male,club,2,494,494,2.0,219.0
1136586,2018,2018,2018-04-27,26.0,Indian Premier League,Delhi,"Arun Jaitley Stadium, Delhi",Delhi Capitals,Kolkata Knight Riders,Kolkata Knight Riders,field,Delhi Capitals,1.0,win,55.0,,SS Iyer,6,20,T20,T20,male,club,252,6,6,252.0,389.0
1136587,2018,2018,2018-04-28,27.0,Indian Premier League,Pune,"Maharashtra Cricket Association Stadium, Pune",Chennai Super Kings,Mumbai Indians,Mumbai Indians,field,Mumbai Indians,0.0,win,,8.0,RG Sharma,6,20,T20,T20,male,club,129,3,3,3.0,25.0
1136588,2018,2018,2018-04-29,28.0,Indian Premier League,Jaipur,"Sawai Mansingh Stadium, Jaipur",Sunrisers Hyderabad,Rajasthan Royals,Sunrisers Hyderabad,bat,Sunrisers Hyderabad,1.0,win,11.0,,KS Williamson,6,20,T20,T20,male,club,2,134,2,2.0,531.0
1136589,2018,2018,2018-04-29,29.0,Indian Premier League,Bengaluru,"M Chinnaswamy Stadium, Bengaluru",Royal Challengers Bangalore,Kolkata Knight Riders,Kolkata Knight Riders,field,Kolkata Knight Riders,0.0,win,,6.0,CA Lynn,6,20,T20,T20,male,club,1,6,6,6.0,57.0
1136590,2018,2018,2018-04-30,30.0,Indian Premier League,Pune,"Maharashtra Cricket Association Stadium, Pune",Chennai Super Kings,Delhi Capitals,Delhi Capitals,field,Chennai Super Kings,1.0,win,13.0,,SR Watson,6,20,T20,T20,male,club,129,252,252,129.0,5.0
1136591,2018,2018,2018-05-01,31.0,Indian Premier League,Bengaluru,"M Chinnaswamy Stadium, Bengaluru",Royal Challengers Bangalore,Mumbai Indians,Mumbai Indians,field,Royal Challengers Bangalore,1.0,win,14.0,,TG Southee,6,20,T20,T20,male,club,1,3,3,1.0,31.0
1136592,2018,2018,2018-05-02,32.0,Indian Premier League,Delhi,"Arun Jaitley Stadium, Delhi",Delhi Capitals,Rajasthan Royals,Rajasthan Royals,field,Delhi Capitals,1.0,win,4.0,,RR Pant,6,20,T20,T20,male,club,252,134,134,252.0,181.0
1136593,2018,2018,2018-05-03,33.0,Indian Premier League,Kolkata,"Eden Gardens, Kolkata",Chennai Super Kings,Kolkata Knight Riders,Kolkata Knight Riders,field,Kolkata Knight Riders,0.0,win,,6.0,SP Narine,6,20,T20,T20,male,club,129,6,6,6.0,65.0
1136594,2018,2018,2018-05-04,34.0,Indian Premier League,Indore,Holkar Cricket Stadium,Punjab Kings,Mumbai Indians,Mumbai Indians,field,Mumbai Indians,0.0,win,,6.0,SA Yadav,6,20,T20,T20,male,club,494,3,3,3.0,61.0
1136595,2018,2018,2018-05-05,35.0,Indian Premier League,Pune,"Maharashtra Cricket Association Stadium, Pune",Royal Challengers Bangalore,Chennai Super Kings,Chennai Super Kings,field,Chennai Super Kings,0.0,win,,6.0,RA Jadeja,6,20,T20,T20,male,club,1,129,129,129.0,348.0
1136596,2018,2018,2018-05-05,36.0,Indian Premier League,Hyderabad,"Rajiv Gandhi International Stadium, Uppal, Hyderabad",Delhi Capitals,Sunrisers Hyderabad,Delhi Capitals,bat,Sunrisers Hyderabad,0.0,win,,7.0,Rashid Khan,6,20,T20,T20,male,club,252,2,252,2.0,22.0
1136597,2018,2018,2018-05-06,37.0,Indian Premier League,Mumbai,"Wankhede Stadium, Mumbai",Mumbai Indians,Kolkata Knight Riders,Kolkata Knight Riders,field,Mumbai Indians,1.0,win,13.0,,HH Pandya,6,20,T20,T20,male,club,3,6,6,3.0,30.0
1136598,2018,2018,2018-05-06,38.0,Indian Premier League,Indore,Holkar Cricket Stadium,Rajasthan Royals,Punjab Kings,Punjab Kings,field,Punjab Kings,0.0,win,,6.0,Mujeeb Ur Rahman,6,20,T20,T20,male,club,134,494,494,494.0,1419.0
1136599,2018,2018,2018-05-07,39.0,Indian Premier League,Hyderabad,"Rajiv Gandhi International Stadium, Uppal, Hyderabad",Sunrisers Hyderabad,Royal Challengers Bangalore,Royal Challengers Bangalore,field,Sunrisers Hyderabad,1.0,win,5.0,,KS Williamson,6,20,T20,T20,male,club,2,1,1,2.0,531.0
1136600,2018,2018,2018-05-08,40.0,Indian Premier League,Jaipur,"Sawai Mansingh Stadium, Jaipur",Rajasthan Royals,Punjab Kings,Rajasthan Royals,bat,Rajasthan Royals,1.0,win,15.0,,JC Buttler,6,20,T20,T20,male,club,134,494,134,134.0,24.0
1136601,2018,2018,2018-05-09,41.0,Indian Premier League,Kolkata,"Eden Gardens, Kolkata",Mumbai Indians,Kolkata Knight Riders,Kolkata Knight Riders,field,Mumbai Indians,1.0,win,102.0,,Ishan Kishan,6,20,T20,T20,male,club,3,6,6,3.0,347.0
1136602,2018,2018,2018-05-10,42.0,Indian Premier League,Delhi,"Arun Jaitley Stadium, Delhi",Delhi Capitals,Sunrisers Hyderabad,Delhi Capitals,bat,Sunrisers Hyderabad,0.0,win,,9.0,S Dhawan,6,20,T20,T20,male,club,252,2,252,2.0,13.0
1136603,2018,2018,2018-05-11,43.0,Indian Premier League,Jaipur,"Sawai Mansingh Stadium, Jaipur",Chennai Super Kings,Rajasthan Royals,Chennai Super Kings,bat,Rajasthan Royals,0.0,win,,4.0,JC Buttler,6,20,T20,T20,male,club,129,134,129,134.0,24.0
1136604,2018,2018,2018-05-12,44.0,Indian Premier League,Indore,Holkar Cricket Stadium,Kolkata Knight Riders,Punjab Kings,Punjab Kings,field,Kolkata Knight Riders,1.0,win,31.0,,SP Narine,6,20,T20,T20,male,club,6,494,494,6.0,65.0
1136605,2018,2018,2018-05-12,45.0,Indian Premier League,Delhi,"Arun Jaitley Stadium, Delhi",Delhi Capitals,Royal Challengers Bangalore,Royal Challengers Bangalore,field,Royal Challengers Bangalore,0.0,win,,5.0,AB de Villiers,6,20,T20,T20,male,club,252,1,1,1.0,245.0
1136606,2018,2018,2018-05-13,46.0,Indian Premier League,Pune,"Maharashtra Cricket Association Stadium, Pune",Sunrisers Hyderabad,Chennai Super Kings,Chennai Super Kings,field,Chennai Super Kings,0.0,win,,8.0,AT Rayudu,6,20,T20,T20,male,club,2,129,129,129.0,27.0
1136607,2018,2018,2018-05-13,47.0,Indian Premier League,Mumbai,"Wankhede Stadium, Mumbai",Mumbai Indians,Rajasthan Royals,Rajasthan Royals,field,Rajasthan Royals,0.0,win,,7.0,JC Buttler,6,20,T20,T20,male,club,3,134,134,134.0,24.0
1136608,2018,2018,2018-05-14,48.0,Indian Premier League,Indore,Holkar Cricket Stadium,Punjab Kings,Royal Challengers Bangalore,Royal Challengers Bangalore,field,Royal Challengers Bangalore,0.0,win,,10.0,UT Yadav,6,20,T20,T20,male,club,494,1,1,1.0,318.0
1136609,2018,2018,2018-05-15,49.0,Indian Premier League,Kolkata,"Eden Gardens, Kolkata",Rajasthan Royals,Kolkata Knight Riders,Kolkata Knight Riders,field,Kolkata Knight Riders,0.0,win,,6.0,Kuldeep Yadav,6,20,T20,T20,male,club,134,6,6,6.0,64.0
1136610,2018,2018,2018-05-16,50.0,Indian Premier League,Mumbai,"Wankhede Stadium, Mumbai",Mumbai Indians,Punjab Kings,Punjab Kings,field,Mumbai Indians,1.0,win,3.0,,JJ Bumrah,6,20,T20,T20,male,club,3,494,494,3.0,33.0
1136611,2018,2018,2018-05-17,51.0,Indian Premier League,Bengaluru,"M Chinnaswamy Stadium, Bengaluru",Royal Challengers Bangalore,Sunrisers Hyderabad,Sunrisers Hyderabad,field,Royal Challengers Bangalore,1.0,win,14.0,,AB de Villiers,6,20,T20,T20,male,club,1,2,2,1.0,245.0
1136612,2018,2018,2018-05-18,52.0,Indian Premier League,Delhi,"Arun Jaitley Stadium, Delhi",Delhi Capitals,Chennai Super Kings,Chennai Super Kings,field,Delhi Capitals,1.0,win,34.0,,HV Patel,6,20,T20,T20,male,club,252,129,129,252.0,1285.0
1136613,2018,2018,2018-05-19,53.0,Indian Premier League,Jaipur,"Sawai Mansingh Stadium, Jaipur",Rajasthan Royals,Royal Challengers Bangalore,Rajasthan Royals,bat,Rajasthan Royals,1.0,win,30.0,,S Gopal,6,20,T20,T20,male,club,134,1,134,134.0,1449.0
1136614,2018,2018,2018-05-19,54.0,Indian Premier League,Hyderabad,"Rajiv Gandhi International Stadium, Uppal, Hyderabad",Sunrisers Hyderabad,Kolkata Knight Riders,Sunrisers Hyderabad,bat,Kolkata Knight Riders,0.0,win,,5.0,CA Lynn,6,20,T20,T20,male,club,2,6,2,6.0,57.0
1136615,2018,2018,2018-05-20,55.0,Indian Premier League,Delhi,"Arun Jaitley Stadium, Delhi",Delhi Capitals,Mumbai Indians,Delhi Capitals,bat,Delhi Capitals,1.0,win,11.0,,A Mishra,6,20,T20,T20,male,club,252,3,252,252.0,185.0
1136616,2018,2018,2018-05-20,56.0,Indian Premier League,Pune,"Maharashtra Cricket Association Stadium, Pune",Punjab Kings,Chennai Super Kings,Chennai Super Kings,field,Chennai Super Kings,0.0,win,,5.0,L Ngidi,6,20,T20,T20,male,club,494,129,129,129.0,2024.0
1136617,2018,2018,2018-05-22,,Indian Premier League,Mumbai,"Wankhede Stadium, Mumbai",Sunrisers Hyderabad,Chennai Super Kings,Chennai Super Kings,field,Chennai Super Kings,0.0,win,,2.0,F du Plessis,6,20,T20,T20,male,club,2,129,129,129.0,267.0
1136618,2018,2018,2018-05-23,,Indian Premier League,Kolkata,"Eden Gardens, Kolkata",Kolkata Knight Riders,Rajasthan Royals,Rajasthan Royals,field,Kolkata Knight Riders,1.0,win,25.0,,AD Russell,6,20,T20,T20,male,club,6,134,134,6.0,1437.0
1136619,2018,2018,2018-05-25,,Indian Premier League,Kolkata,"Eden Gardens, Kolkata",Sunrisers Hyderabad,Kolkata Knight Riders,Kolkata Knight Riders,field,Sunrisers Hyderabad,1.0,win,14.0,,Rashid Khan,6,20,T20,T20,male,club,2,6,6,2.0,22.0
1136620,2018,2018,2018-05-27,,Indian Premier League,Mumbai,"Wankhede Stadium, Mumbai",Sunrisers Hyderabad,Chennai Super Kings,Chennai Super Kings,field,Chennai Super Kings,0.0,win,,8.0,SR Watson,6,20,T20,T20,male,club,2,129,129,129.0,5.0
1175356,2019,2019,2019-03-23,1.0,Indian Premier League,Chennai,"MA Chidambaram Stadium, Chepauk, Chennai",Royal Challengers Bangalore,Chennai Super Kings,Chennai Super Kings,field,Chennai Super Kings,0.0,win,,7.0,Harbhajan Singh,6,20,T20,T20,male,club,1,129,129,129.0,228.0
1175357,2019,2019,2019-03-24,2.0,Indian Premier League,Kolkata,"Eden Gardens, Kolkata",Sunrisers Hyderabad,Kolkata Knight Riders,Kolkata Knight Riders,field,Kolkata Knight Riders,0.0,win,,6.0,AD Russell,6,20,T20,T20,male,club,2,6,6,6.0,1437.0
1175358,2019,2019,2019-03-24,3.0,Indian Premier League,Mumbai,"Wankhede Stadium, Mumbai",Delhi Capitals,Mumbai Indians,Mumbai Indians,field,Delhi Capitals,1.0,win,37.0,,RR Pant,6,20,T20,T20,male,club,252,3,3,252.0,181.0
1175359,2019,2019,2019-03-25,4.0,Indian Premier League,Jaipur,"Sawai Mansingh Stadium, Jaipur",Punjab Kings,Rajasthan Royals,Rajasthan Royals,field,Punjab Kings,1.0,win,14.0,,CH Gayle,6,20,T20,T20,male,club,494,134,134,494.0,1.0
1175360,2019,2019,2019-03-26,5.0,Indian Premier League,Delhi,"Arun Jaitley Stadium, Delhi",Delhi Capitals,Chennai Super Kings,Delhi Capitals,bat,Chennai Super Kings,0.0,win,,6.0,SR Watson,6,20,T20,T20,male,club,252,129,252,129.0,5.0
1175361,2019,2019,2019-03-27,6.0,Indian Premier League,Kolkata,"Eden Gardens, Kolkata",Kolkata Knight Riders,Punjab Kings,Punjab Kings,field,Kolkata Knight Riders,1.0,win,28.0,,AD Russell,6,20,T20,T20,male,club,6,494,494,6.0,1437.0
1175362,2019,2019,2019-03-28,7.0,Indian Premier League,Bengaluru,"M Chinnaswamy Stadium, Bengaluru",Mumbai Indians,Royal Challengers Bangalore,Royal Challengers Bangalore,field,Mumbai Indians,1.0,win,6.0,,JJ Bumrah,6,20,T20,T20,male,club,3,1,1,3.0,33.0
1175363,2019,2019,2019-03-29,8.0,Indian Premier League,Hyderabad,"Rajiv Gandhi International Stadium, Uppal, Hyderabad",Rajasthan Royals,Sunrisers Hyderabad,Rajasthan Royals,bat,Sunrisers Hyderabad,0.0,win,,5.0,Rashid Khan,6,20,T20,T20,male,club,134,2,134,2.0,22.0
1175364,2019,2019,2019-03-30,9.0,Indian Premier League,Chandigarh,"Punjab Cricket Association IS Bindra Stadium, Mohali",Mumbai Indians,Punjab Kings,Punjab Kings,field,Punjab Kings,0.0,win,,8.0,MA Agarwal,6,20,T20,T20,male,club,3,494,494,494.0,35.0
1175365,2019,2019,2019-03-30,10.0,Indian Premier League,Delhi,"Arun Jaitley Stadium, Delhi",Kolkata Knight Riders,Delhi Capitals,Delhi Capitals,field,Delhi Capitals,0.0,tie,,,PP Shaw,6,20,T20,T20,male,club,6,252,252,252.0,1849.0
1175366,2019,2019,2019-03-31,11.0,Indian Premier League,Hyderabad,"Rajiv Gandhi International Stadium, Uppal, Hyderabad",Sunrisers Hyderabad,Royal Challengers Bangalore,Royal Challengers Bangalore,field,Sunrisers Hyderabad,1.0,win,118.0,,JM Bairstow,6,20,T20,T20,male,club,2,1,1,2.0,2719.0
1175367,2019,2019,2019-03-31,12.0,Indian Premier League,Chennai,"MA Chidambaram Stadium, Chepauk, Chennai",Chennai Super Kings,Rajasthan Royals,Rajasthan Royals,field,Chennai Super Kings,1.0,win,8.0,,MS Dhoni,6,20,T20,T20,male,club,129,134,134,129.0,38.0
1175368,2019,2019,2019-04-01,13.0,Indian Premier League,Chandigarh,"Punjab Cricket Association IS Bindra Stadium, Mohali",Punjab Kings,Delhi Capitals,Delhi Capitals,field,Punjab Kings,1.0,win,14.0,,SM Curran,6,20,T20,T20,male,club,494,252,252,494.0,2768.0
1175369,2019,2019,2019-04-02,14.0,Indian Premier League,Jaipur,"Sawai Mansingh Stadium, Jaipur",Royal Challengers Bangalore,Rajasthan Royals,Rajasthan Royals,field,Rajasthan Royals,0.0,win,,7.0,S Gopal,6,20,T20,T20,male,club,1,134,134,134.0,1449.0
1175370,2019,2019,2019-04-03,15.0,Indian Premier League,Mumbai,"Wankhede Stadium, Mumbai",Mumbai Indians,Chennai Super Kings,Chennai Super Kings,field,Mumbai Indians,1.0,win,37.0,,HH Pandya,6,20,T20,T20,male,club,3,129,129,3.0,30.0
1175371,2019,2019,2019-04-04,16.0,Indian Premier League,Delhi,"Arun Jaitley Stadium, Delhi",Delhi Capitals,Sunrisers Hyderabad,Sunrisers Hyderabad,field,Sunrisers Hyderabad,0.0,win,,5.0,JM Bairstow,6,20,T20,T20,male,club,252,2,2,2.0,2719.0
1175372,2019,2019,2019-04-05,17.0,Indian Premier League,Bengaluru,"M Chinnaswamy Stadium, Bengaluru",Royal Challengers Bangalore,Kolkata Knight Riders,Kolkata Knight Riders,field,Kolkata Knight Riders,0.0,win,,5.0,AD Russell,6,20,T20,T20,male,club,1,6,6,6.0,1437.0
1178393,2019,2019,2019-04-06,18.0,Indian Premier League,Chennai,"MA Chidambaram Stadium, Chepauk, Chennai",Chennai Super Kings,Punjab Kings,Chennai Super Kings,bat,Chennai Super Kings,1.0,win,22.0,,Harbhajan Singh,6,20,T20,T20,male,club,129,494,129,129.0,228.0
1178394,2019,2019,2019-04-06,19.0,Indian Premier League,Hyderabad,"Rajiv Gandhi International Stadium, Uppal, Hyderabad",Mumbai Indians,Sunrisers Hyderabad,Sunrisers Hyderabad,field,Mumbai Indians,1.0,win,40.0,,AS Joseph,6,20,T20,T20,male,club,3,2,2,3.0,3100.0
1178395,2019,2019,2019-04-07,20.0,Indian Premier League,Bengaluru,"M Chinnaswamy Stadium, Bengaluru",Royal Challengers Bangalore,Delhi Capitals,Delhi Capitals,field,Delhi Capitals,0.0,win,,4.0,K Rabada,6,20,T20,T20,male,club,1,252,252,252.0,590.0
1178396,2019,2019,2019-04-07,21.0,Indian Premier League,Jaipur,"Sawai Mansingh Stadium, Jaipur",Rajasthan Royals,Kolkata Knight Riders,Kolkata Knight Riders,field,Kolkata Knight Riders,0.0,win,,8.0,HF Gurney,6,20,T20,T20,male,club,134,6,6,6.0,3156.0
1178397,2019,2019,2019-04-08,22.0,Indian Premier League,Chandigarh,"Punjab Cricket Association IS Bindra Stadium, Mohali",Sunrisers Hyderabad,Punjab Kings,Punjab Kings,field,Punjab Kings,0.0,win,,6.0,KL Rahul,6,20,T20,T20,male,club,2,494,494,494.0,1409.0
1178398,2019,2019,2019-04-09,23.0,Indian Premier League,Chennai,"MA Chidambaram Stadium, Chepauk, Chennai",Kolkata Knight Riders,Chennai Super Kings,Chennai Super Kings,field,Chennai Super Kings,0.0,win,,7.0,DL Chahar,6,20,T20,T20,male,club,6,129,129,129.0,41.0
1178399,2019,2019,2019-04-10,24.0,Indian Premier League,Mumbai,"Wankhede Stadium, Mumbai",Punjab Kings,Mumbai Indians,Mumbai Indians,field,Mumbai Indians,0.0,win,,3.0,KA Pollard,6,20,T20,T20,male,club,494,3,3,3.0,29.0
1178400,2019,2019,2019-04-11,25.0,Indian Premier League,Jaipur,"Sawai Mansingh Stadium, Jaipur",Rajasthan Royals,Chennai Super Kings,Chennai Super Kings,field,Chennai Super Kings,0.0,win,,4.0,MS Dhoni,6,20,T20,T20,male,club,134,129,129,129.0,38.0
1178401,2019,2019,2019-04-12,26.0,Indian Premier League,Kolkata,"Eden Gardens, Kolkata",Kolkata Knight Riders,Delhi Capitals,Delhi Capitals,field,Delhi Capitals,0.0,win,,7.0,S Dhawan,6,20,T20,T20,male,club,6,252,252,252.0,13.0
1178402,2019,2019,2019-04-13,27.0,Indian Premier League,Mumbai,"Wankhede Stadium, Mumbai",Mumbai Indians,Rajasthan Royals,Rajasthan Royals,field,Rajasthan Royals,0.0,win,,4.0,JC Buttler,6,20,T20,T20,male,club,3,134,134,134.0,24.0
1178403,2019,2019,2019-04-13,28.0,Indian Premier League,Chandigarh,"Punjab Cricket Association IS Bindra Stadium, Mohali",Punjab Kings,Royal Challengers Bangalore,Royal Challengers Bangalore,field,Royal Challengers Bangalore,0.0,win,,8.0,AB de Villiers,6,20,T20,T20,male,club,494,1,1,1.0,245.0
1178404,2019,2019,2019-04-14,29.0,Indian Premier League,Kolkata,"Eden Gardens, Kolkata",Kolkata Knight Riders,Chennai Super Kings,Chennai Super Kings,field,Chennai Super Kings,0.0,win,,5.0,Imran Tahir,6,20,T20,T20,male,club,6,129,129,129.0,44.0
1178405,2019,2019,2019-04-14,30.0,Indian Premier League,Hyderabad,"Rajiv Gandhi International Stadium, Uppal, Hyderabad",Delhi Capitals,Sunrisers Hyderabad,Sunrisers Hyderabad,field,Delhi Capitals,1.0,win,39.0,,KMA Paul,6,20,T20,T20,male,club,252,2,2,252.0,2745.0
1178406,2019,2019,2019-04-15,31.0,Indian Premier League,Mumbai,"Wankhede Stadium, Mumbai",Royal Challengers Bangalore,Mumbai Indians,Mumbai Indians,field,Mumbai Indians,0.0,win,,5.0,SL Malinga,6,20,T20,T20,male,club,1,3,3,3.0,230.0
1178407,2019,2019,2019-04-16,32.0,Indian Premier League,Chandigarh,"Punjab Cricket Association IS Bindra Stadium, Mohali",Punjab Kings,Rajasthan Royals,Rajasthan Royals,field,Punjab Kings,1.0,win,12.0,,R Ashwin,6,20,T20,T20,male,club,494,134,134,494.0,1416.0
1178408,2019,2019,2019-04-17,33.0,Indian Premier League,Hyderabad,"Rajiv Gandhi International Stadium, Uppal, Hyderabad",Chennai Super Kings,Sunrisers Hyderabad,Chennai Super Kings,bat,Sunrisers Hyderabad,0.0,win,,6.0,DA Warner,6,20,T20,T20,male,club,129,2,129,2.0,12.0
1178409,2019,2019,2019-04-18,34.0,Indian Premier League,Delhi,"Arun Jaitley Stadium, Delhi",Mumbai Indians,Delhi Capitals,Mumbai Indians,bat,Mumbai Indians,1.0,win,40.0,,HH Pandya,6,20,T20,T20,male,club,3,252,3,3.0,30.0
1178410,2019,2019,2019-04-19,35.0,Indian Premier League,Kolkata,"Eden Gardens, Kolkata",Royal Challengers Bangalore,Kolkata Knight Riders,Kolkata Knight Riders,field,Royal Challengers Bangalore,1.0,win,10.0,,V Kohli,6,20,T20,T20,male,club,1,6,6,1.0,332.0
1178411,2019,2019,2019-04-20,36.0,Indian Premier League,Jaipur,"Sawai Mansingh Stadium, Jaipur",Mumbai Indians,Rajasthan Royals,Rajasthan Royals,field,Rajasthan Royals,0.0,win,,5.0,SPD Smith,6,20,T20,T20,male,club,3,134,134,134.0,36.0
1178412,2019,2019,2019-04-20,37.0,Indian Premier League,Delhi,"Arun Jaitley Stadium, Delhi",Punjab Kings,Delhi Capitals,Delhi Capitals,field,Delhi Capitals,0.0,win,,5.0,SS Iyer,6,20,T20,T20,male,club,494,252,252,252.0,389.0
1178413,2019,2019,2019-04-21,38.0,Indian Premier League,Hyderabad,"Rajiv Gandhi International Stadium, Uppal, Hyderabad",Kolkata Knight Riders,Sunrisers Hyderabad,Sunrisers Hyderabad,field,Sunrisers Hyderabad,0.0,win,,9.0,KK Ahmed,6,20,T20,T20,male,club,6,2,2,2.0,2662.0
1178414,2019,2019,2019-04-21,39.0,Indian Premier League,Bengaluru,"M Chinnaswamy Stadium, Bengaluru",Royal Challengers Bangalore,Chennai Super Kings,Chennai Super Kings,field,Royal Challengers Bangalore,1.0,win,1.0,,PA Patel,6,20,T20,T20,male,club,1,129,129,1.0,23.0
1178415,2019,2019,2019-04-22,40.0,Indian Premier League,Jaipur,"Sawai Mansingh Stadium, Jaipur",Rajasthan Royals,Delhi Capitals,Delhi Capitals,field,Delhi Capitals,0.0,win,,6.0,RR Pant,6,20,T20,T20,male,club,134,252,252,252.0,181.0
1178416,2019,2019,2019-04-23,41.0,Indian Premier League,Chennai,"MA Chidambaram Stadium, Chepauk, Chennai",Sunrisers Hyderabad,Chennai Super Kings,Chennai Super Kings,field,Chennai Super Kings,0.0,win,,6.0,SR Watson,6,20,T20,T20,male,club,2,129,129,129.0,5.0
1178417,2019,2019,2019-04-24,42.0,Indian Premier League,Bengaluru,"M Chinnaswamy Stadium, Bengaluru",Royal Challengers Bangalore,Punjab Kings,Punjab Kings,field,Royal Challengers Bangalore,1.0,win,17.0,,AB de Villiers,6,20,T20,T20,male,club,1,494,494,1.0,245.0
1178418,2019,2019,2019-04-25,43.0,Indian Premier League,Kolkata,"Eden Gardens, Kolkata",Kolkata Knight Riders,Rajasthan Royals,Rajasthan Royals,field,Rajasthan Royals,0.0,win,,3.0,VR Aaron,6,20,T20,T20,male,club,6,134,134,134.0,241.0
1178419,2019,2019,2019-04-26,44.0,Indian Premier League,Chennai,"MA Chidambaram Stadium, Chepauk, Chennai",Mumbai Indians,Chennai Super Kings,Chennai Super Kings,field,Mumbai Indians,1.0,win,46.0,,RG Sharma,6,20,T20,T20,male,club,3,129,129,3.0,25.0
1178420,2019,2019,2019-04-27,45.0,Indian Premier League,Jaipur,"Sawai Mansingh Stadium, Jaipur",Sunrisers Hyderabad,Rajasthan Royals,Rajasthan Royals,field,Rajasthan Royals,0.0,win,,7.0,JD Unadkat,6,20,T20,T20,male,club,2,134,134,134.0,438.0
1178421,2019,2019,2019-04-28,46.0,Indian Premier League,Delhi,"Arun Jaitley Stadium, Delhi",Delhi Capitals,Royal Challengers Bangalore,Delhi Capitals,bat,Delhi Capitals,1.0,win,16.0,,S Dhawan,6,20,T20,T20,male,club,252,1,252,252.0,13.0
1178422,2019,2019,2019-04-28,47.0,Indian Premier League,Kolkata,"Eden Gardens, Kolkata",Kolkata Knight Riders,Mumbai Indians,Mumbai Indians,field,Kolkata Knight Riders,1.0,win,34.0,,AD Russell,6,20,T20,T20,male,club,6,3,3,6.0,1437.0
1178423,2019,2019,2019-04-29,48.0,Indian Premier League,Hyderabad,"Rajiv Gandhi International Stadium, Uppal, Hyderabad",Sunrisers Hyderabad,Punjab Kings,Punjab Kings,field,Sunrisers Hyderabad,1.0,win,45.0,,DA Warner,6,20,T20,T20,male,club,2,494,494,2.0,12.0
1178424,2019,2019,2019-04-30,49.0,Indian Premier League,Bengaluru,"M Chinnaswamy Stadium, Bengaluru",Royal Challengers Bangalore,Rajasthan Royals,Rajasthan Royals,field,,,no result,,,,6,20,T20,T20,male,club,1,134,134,,
1178425,2019,2019,2019-05-01,50.0,Indian Premier League,Chennai,"MA Chidambaram Stadium, Chepauk, Chennai",Chennai Super Kings,Delhi Capitals,Delhi Capitals,field,Chennai Super Kings,1.0,win,80.0,,MS Dhoni,6,20,T20,T20,male,club,129,252,252,129.0,38.0
1178426,2019,2019,2019-05-02,51.0,Indian Premier League,Mumbai,"Wankhede Stadium, Mumbai",Mumbai Indians,Sunrisers Hyderabad,Mumbai Indians,bat,Sunrisers Hyderabad,0.0,tie,,,JJ Bumrah,6,20,T20,T20,male,club,3,2,3,2.0,33.0
1178427,2019,2019,2019-05-03,52.0,Indian Premier League,Chandigarh,"Punjab Cricket Association IS Bindra Stadium, Mohali",Punjab Kings,Kolkata Knight Riders,Kolkata Knight Riders,field,Kolkata Knight Riders,0.0,win,,7.0,Shubman Gill,6,20,T20,T20,male,club,494,6,6,6.0,1580.0
1178428,2019,2019,2019-05-04,53.0,Indian Premier League,Delhi,"Arun Jaitley Stadium, Delhi",Rajasthan Royals,Delhi Capitals,Rajasthan Royals,bat,Delhi Capitals,0.0,win,,5.0,A Mishra,6,20,T20,T20,male,club,134,252,134,252.0,185.0
1178429,2019,2019,2019-05-04,54.0,Indian Premier League,Bengaluru,"M Chinnaswamy Stadium, Bengaluru",Sunrisers Hyderabad,Royal Challengers Bangalore,Royal Challengers Bangalore,field,Royal Challengers Bangalore,0.0,win,,4.0,SO Hetmyer,6,20,T20,T20,male,club,2,1,1,1.0,2700.0
1178430,2019,2019,2019-05-05,55.0,Indian Premier League,Chandigarh,"Punjab Cricket Association IS Bindra Stadium, Mohali",Chennai Super Kings,Punjab Kings,Punjab Kings,field,Punjab Kings,0.0,win,,6.0,KL Rahul,6,20,T20,T20,male,club,129,494,494,494.0,1409.0
1178431,2019,2019,2019-05-05,56.0,Indian Premier League,Mumbai,"Wankhede Stadium, Mumbai",Kolkata Knight Riders,Mumbai Indians,Mumbai Indians,field,Mumbai Indians,0.0,win,,9.0,HH Pandya,6,20,T20,T20,male,club,6,3,3,3.0,30.0
1181764,2019,2019,2019-05-07,,Indian Premier League,Chennai,"MA Chidambaram Stadium, Chepauk, Chennai",Chennai Super Kings,Mumbai Indians,Chennai Super Kings,bat,Mumbai Indians,0.0,win,,6.0,SA Yadav,6,20,T20,T20,male,club,129,3,129,3.0,61.0
1181766,2019,2019,2019-05-08,,Indian Premier League,Visakhapatnam,"Dr. Y.S. Rajasekhara Reddy ACA-VDCA Cricket Stadium, Visakhapatnam",Sunrisers Hyderabad,Delhi Capitals,Delhi Capitals,field,Delhi Capitals,0.0,win,,2.0,RR Pant,6,20,T20,T20,male,club,2,252,252,252.0,181.0
1181767,2019,2019,2019-05-10,,Indian Premier League,Visakhapatnam,"Dr. Y.S. Rajasekhara Reddy ACA-VDCA Cricket Stadium, Visakhapatnam",Delhi Capitals,Chennai Super Kings,Chennai Super Kings,field,Chennai Super Kings,0.0,win,,6.0,F du Plessis,6,20,T20,T20,male,club,252,129,129,129.0,267.0
1181768,2019,2019,2019-05-12,,Indian Premier League,Hyderabad,"Rajiv Gandhi International Stadium, Uppal, Hyderabad",Mumbai Indians,Chennai Super Kings,Mumbai Indians,bat,Mumbai Indians,1.0,win,1.0,,JJ Bumrah,6,20,T20,T20,male,club,3,129,3,3.0,33.0
1216492,2020,2020/21,2020-09-19,1.0,Indian Premier League,Abu Dhabi,"Zayed Cricket Stadium, Abu Dhabi",Mumbai Indians,Chennai Super Kings,Chennai Super Kings,field,Chennai Super Kings,0.0,win,,5.0,AT Rayudu,6,20,T20,T20,male,club,3,129,129,129.0,27.0
1216493,2020,2020/21,2020-09-20,2.0,Indian Premier League,Dubai,Dubai International Cricket Stadium,Delhi Capitals,Punjab Kings,Punjab Kings,field,Punjab Kings,0.0,tie,,,MP Stoinis,6,20,T20,T20,male,club,252,494,494,494.0,73.0
1216534,2020,2020/21,2020-09-21,3.0,Indian Premier League,Dubai,Dubai International Cricket Stadium,Royal Challengers Bangalore,Sunrisers Hyderabad,Sunrisers Hyderabad,field,Royal Challengers Bangalore,1.0,win,10.0,,YS Chahal,6,20,T20,T20,male,club,1,2,2,1.0,10.0
1216496,2020,2020/21,2020-09-22,4.0,Indian Premier League,Sharjah,Sharjah Cricket Stadium,Rajasthan Royals,Chennai Super Kings,Chennai Super Kings,field,Rajasthan Royals,1.0,win,16.0,,SV Samson,6,20,T20,T20,male,club,134,129,129,134.0,180.0
1216508,2020,2020/21,2020-09-23,5.0,Indian Premier League,Abu Dhabi,"Zayed Cricket Stadium, Abu Dhabi",Mumbai Indians,Kolkata Knight Riders,Kolkata Knight Riders,field,Mumbai Indians,1.0,win,49.0,,RG Sharma,6,20,T20,T20,male,club,3,6,6,3.0,25.0
1216510,2020,2020/21,2020-09-24,6.0,Indian Premier League,Dubai,Dubai International Cricket Stadium,Punjab Kings,Royal Challengers Bangalore,Royal Challengers Bangalore,field,Punjab Kings,1.0,win,97.0,,KL Rahul,6,20,T20,T20,male,club,494,1,1,494.0,1409.0
1216539,2020,2020/21,2020-09-25,7.0,Indian Premier League,Dubai,Dubai International Cricket Stadium,Delhi Capitals,Chennai Super Kings,Chennai Super Kings,field,Delhi Capitals,1.0,win,44.0,,PP Shaw,6,20,T20,T20,male,club,252,129,129,252.0,1849.0
1216545,2020,2020/21,2020-09-26,8.0,Indian Premier League,Abu Dhabi,"Zayed Cricket Stadium, Abu Dhabi",Sunrisers Hyderabad,Kolkata Knight Riders,Sunrisers Hyderabad,bat,Kolkata Knight Riders,0.0,win,,7.0,Shubman Gill,6,20,T20,T20,male,club,2,6,2,6.0,1580.0
1216527,2020,2020/21,2020-09-27,9.0,Indian Premier League,Sharjah,Sharjah Cricket Stadium,Punjab Kings,Rajasthan Royals,Rajasthan Royals,field,Rajasthan Royals,0.0,win,,4.0,SV Samson,6,20,T20,T20,male,club,494,134,134,134.0,180.0
1216547,2020,2020/21,2020-09-28,10.0,Indian Premier League,Dubai,Dubai International Cricket Stadium,Royal Challengers Bangalore,Mumbai Indians,Mumbai Indians,field,Mumbai Indians,0.0,tie,,,AB de Villiers,6,20,T20,T20,male,club,1,3,3,3.0,245.0
1216532,2020,2020/21,2020-09-29,11.0,Indian Premier League,Abu Dhabi,"Zayed Cricket Stadium, Abu Dhabi",Sunrisers Hyderabad,Delhi Capitals,Delhi Capitals,field,Sunrisers Hyderabad,1.0,win,15.0,,Rashid Khan,6,20,T20,T20,male,club,2,252,252,2.0,22.0
1216504,2020,2020/21,2020-09-30,12.0,Indian Premier League,Dubai,Dubai International Cricket Stadium,Kolkata Knight Riders,Rajasthan Royals,Rajasthan Royals,field,Kolkata Knight Riders,1.0,win,37.0,,Shivam Mavi,6,20,T20,T20,male,club,6,134,134,6.0,1581.0
1216503,2020,2020/21,2020-10-01,13.0,Indian Premier League,Abu Dhabi,"Zayed Cricket Stadium, Abu Dhabi",Mumbai Indians,Punjab Kings,Punjab Kings,field,Mumbai Indians,1.0,win,48.0,,KA Pollard,6,20,T20,T20,male,club,3,494,494,3.0,29.0
1216516,2020,2020/21,2020-10-02,14.0,Indian Premier League,Dubai,Dubai International Cricket Stadium,Sunrisers Hyderabad,Chennai Super Kings,Sunrisers Hyderabad,bat,Sunrisers Hyderabad,1.0,win,7.0,,PK Garg,6,20,T20,T20,male,club,2,129,2,2.0,4097.0
1216514,2020,2020/21,2020-10-03,15.0,Indian Premier League,Abu Dhabi,"Zayed Cricket Stadium, Abu Dhabi",Rajasthan Royals,Royal Challengers Bangalore,Rajasthan Royals,bat,Royal Challengers Bangalore,0.0,win,,8.0,YS Chahal,6,20,T20,T20,male,club,134,1,134,1.0,10.0
1216515,2020,2020/21,2020-10-03,16.0,Indian Premier League,Sharjah,Sharjah Cricket Stadium,Delhi Capitals,Kolkata Knight Riders,Kolkata Knight Riders,field,Delhi Capitals,1.0,win,18.0,,SS Iyer,6,20,T20,T20,male,club,252,6,6,252.0,389.0
1216513,2020,2020/21,2020-10-04,18.0,Indian Premier League,Dubai,Dubai International Cricket Stadium,Punjab Kings,Chennai Super Kings,Punjab Kings,bat,Chennai Super Kings,0.0,win,,10.0,SR Watson,6,20,T20,T20,male,club,494,129,494,129.0,5.0
1216538,2020,2020/21,2020-10-04,17.0,Indian Premier League,Sharjah,Sharjah Cricket Stadium,Mumbai Indians,Sunrisers Hyderabad,Mumbai Indians,bat,Mumbai Indians,1.0,win,34.0,,TA Boult,6,20,T20,T20,male,club,3,2,3,3.0,66.0
1216519,2020,2020/21,2020-10-05,19.0,Indian Premier League,Dubai,Dubai International Cricket Stadium,Delhi Capitals,Royal Challengers Bangalore,Royal Challengers Bangalore,field,Delhi Capitals,1.0,win,59.0,,AR Patel,6,20,T20,T20,male,club,252,1,1,252.0,70.0
1216511,2020,2020/21,2020-10-06,20.0,Indian Premier League,Abu Dhabi,"Zayed Cricket Stadium, Abu Dhabi",Mumbai Indians,Rajasthan Royals,Mumbai Indians,bat,Mumbai Indians,1.0,win,57.0,,SA Yadav,6,20,T20,T20,male,club,3,134,3,3.0,61.0
1216501,2020,2020/21,2020-10-07,21.0,Indian Premier League,Abu Dhabi,"Zayed Cricket Stadium, Abu Dhabi",Kolkata Knight Riders,Chennai Super Kings,Kolkata Knight Riders,bat,Kolkata Knight Riders,1.0,win,10.0,,RA Tripathi,6,20,T20,T20,male,club,6,129,6,6.0,268.0
1216542,2020,2020/21,2020-10-08,22.0,Indian Premier League,Dubai,Dubai International Cricket Stadium,Sunrisers Hyderabad,Punjab Kings,Sunrisers Hyderabad,bat,Sunrisers Hyderabad,1.0,win,69.0,,JM Bairstow,6,20,T20,T20,male,club,2,494,2,2.0,2719.0
1216500,2020,2020/21,2020-10-09,23.0,Indian Premier League,Sharjah,Sharjah Cricket Stadium,Delhi Capitals,Rajasthan Royals,Rajasthan Royals,field,Delhi Capitals,1.0,win,46.0,,R Ashwin,6,20,T20,T20,male,club,252,134,134,252.0,1416.0
1216523,2020,2020/21,2020-10-10,24.0,Indian Premier League,Abu Dhabi,"Zayed Cricket Stadium, Abu Dhabi",Kolkata Knight Riders,Punjab Kings,Kolkata Knight Riders,bat,Kolkata Knight Riders,1.0,win,2.0,,KD Karthik,6,20,T20,T20,male,club,6,494,6,6.0,49.0
1216525,2020,2020/21,2020-10-10,25.0,Indian Premier League,Dubai,Dubai International Cricket Stadium,Royal Challengers Bangalore,Chennai Super Kings,Royal Challengers Bangalore,bat,Royal Challengers Bangalore,1.0,win,37.0,,V Kohli,6,20,T20,T20,male,club,1,129,1,1.0,332.0
1216507,2020,2020/21,2020-10-11,26.0,Indian Premier League,Dubai,Dubai International Cricket Stadium,Sunrisers Hyderabad,Rajasthan Royals,Sunrisers Hyderabad,bat,Rajasthan Royals,0.0,win,,5.0,R Tewatia,6,20,T20,T20,male,club,2,134,2,134.0,1119.0
1216529,2020,2020/21,2020-10-11,27.0,Indian Premier League,Abu Dhabi,"Zayed Cricket Stadium, Abu Dhabi",Delhi Capitals,Mumbai Indians,Delhi Capitals,bat,Mumbai Indians,0.0,win,,5.0,Q de Kock,6,20,T20,T20,male,club,252,3,252,3.0,1421.0
1216540,2020,2020/21,2020-10-12,28.0,Indian Premier League,Sharjah,Sharjah Cricket Stadium,Royal Challengers Bangalore,Kolkata Knight Riders,Royal Challengers Bangalore,bat,Royal Challengers Bangalore,1.0,win,82.0,,AB de Villiers,6,20,T20,T20,male,club,1,6,1,1.0,245.0
1216528,2020,2020/21,2020-10-13,29.0,Indian Premier League,Dubai,Dubai International Cricket Stadium,Chennai Super Kings,Sunrisers Hyderabad,Chennai Super Kings,bat,Chennai Super Kings,1.0,win,20.0,,RA Jadeja,6,20,T20,T20,male,club,129,2,129,129.0,348.0
1216543,2020,2020/21,2020-10-14,30.0,Indian Premier League,Dubai,Dubai International Cricket Stadium,Delhi Capitals,Rajasthan Royals,Delhi Capitals,bat,Delhi Capitals,1.0,win,13.0,,A Nortje,6,20,T20,T20,male,club,252,134,252,252.0,4047.0
1216531,2020,2020/21,2020-10-15,31.0,Indian Premier League,Sharjah,Sharjah Cricket Stadium,Royal Challengers Bangalore,Punjab Kings,Royal Challengers Bangalore,bat,Punjab Kings,0.0,win,,8.0,KL Rahul,6,20,T20,T20,male,club,1,494,1,494.0,1409.0
1216526,2020,2020/21,2020-10-16,32.0,Indian Premier League,Abu Dhabi,"Zayed Cricket Stadium, Abu Dhabi",Kolkata Knight Riders,Mumbai Indians,Kolkata Knight Riders,bat,Mumbai Indians,0.0,win,,8.0,Q de Kock,6,20,T20,T20,male,club,6,3,6,3.0,1421.0
1216509,2020,2020/21,2020-10-17,34.0,Indian Premier League,Sharjah,Sharjah Cricket Stadium,Chennai Super Kings,Delhi Capitals,Chennai Super Kings,bat,Delhi Capitals,0.0,win,,5.0,S Dhawan,6,20,T20,T20,male,club,129,252,129,252.0,13.0
1216522,2020,2020/21,2020-10-17,33.0,Indian Premier League,Dubai,Dubai International Cricket Stadium,Rajasthan Royals,Royal Challengers Bangalore,Rajasthan Royals,bat,Royal Challengers Bangalore,0.0,win,,7.0,AB de Villiers,6,20,T20,T20,male,club,134,1,134,1.0,245.0
1216512,2020,2020/21,2020-10-18,35.0,Indian Premier League,Abu Dhabi,"Zayed Cricket Stadium, Abu Dhabi",Kolkata Knight Riders,Sunrisers Hyderabad,Sunrisers Hyderabad,field,Sunrisers Hyderabad,0.0,tie,,,LH Ferguson,6,20,T20,T20,male,club,6,2,2,2.0,361.0
1216517,2020,2020/21,2020-10-18,36.0,Indian Premier League,Dubai,Dubai International Cricket Stadium,Mumbai Indians,Punjab Kings,Mumbai Indians,bat,Punjab Kings,0.0,tie,,,KL Rahul,6,20,T20,T20,male,club,3,494,3,494.0,1409.0
1216533,2020,2020/21,2020-10-19,37.0,Indian Premier League,Abu Dhabi,"Zayed Cricket Stadium, Abu Dhabi",Chennai Super Kings,Rajasthan Royals,Chennai Super Kings,bat,Rajasthan Royals,0.0,win,,7.0,JC Buttler,6,20,T20,T20,male,club,129,134,129,134.0,24.0
1216546,2020,2020/21,2020-10-20,38.0,Indian Premier League,Dubai,Dubai International Cricket Stadium,Delhi Capitals,Punjab Kings,Delhi Capitals,bat,Punjab Kings,0.0,win,,5.0,S Dhawan,6,20,T20,T20,male,club,252,494,252,494.0,13.0
1216494,2020,2020/21,2020-10-21,39.0,Indian Premier League,Abu Dhabi,"Zayed Cricket Stadium, Abu Dhabi",Kolkata Knight Riders,Royal Challengers Bangalore,Kolkata Knight Riders,bat,Royal Challengers Bangalore,0.0,win,,8.0,Mohammed Siraj,6,20,T20,T20,male,club,6,1,6,1.0,538.0
1216518,2020,2020/21,2020-10-22,40.0,Indian Premier League,Dubai,Dubai International Cricket Stadium,Rajasthan Royals,Sunrisers Hyderabad,Sunrisers Hyderabad,field,Sunrisers Hyderabad,0.0,win,,8.0,MK Pandey,6,20,T20,T20,male,club,134,2,2,2.0,59.0
1216521,2020,2020/21,2020-10-23,41.0,Indian Premier League,Sharjah,Sharjah Cricket Stadium,Chennai Super Kings,Mumbai Indians,Mumbai Indians,field,Mumbai Indians,0.0,win,,10.0,TA Boult,6,20,T20,T20,male,club,129,3,3,3.0,66.0
1216497,2020,2020/21,2020-10-24,42.0,Indian Premier League,Abu Dhabi,"Zayed Cricket Stadium, Abu Dhabi",Kolkata Knight Riders,Delhi Capitals,Delhi Capitals,field,Kolkata Knight Riders,1.0,win,59.0,,CV Varun,6,20,T20,T20,male,club,6,252,252,6.0,2825.0
1216498,2020,2020/21,2020-10-24,43.0,Indian Premier League,Dubai,Dubai International Cricket Stadium,Punjab Kings,Sunrisers Hyderabad,Sunrisers Hyderabad,field,Punjab Kings,1.0,win,12.0,,CJ Jordan,6,20,T20,T20,male,club,494,2,2,494.0,1327.0
1216541,2020,2020/21,2020-10-25,45.0,Indian Premier League,Abu Dhabi,"Zayed Cricket Stadium, Abu Dhabi",Mumbai Indians,Rajasthan Royals,Mumbai Indians,bat,Rajasthan Royals,0.0,win,,8.0,BA Stokes,6,20,T20,T20,male,club,3,134,3,134.0,37.0
1216544,2020,2020/21,2020-10-25,44.0,Indian Premier League,Dubai,Dubai International Cricket Stadium,Royal Challengers Bangalore,Chennai Super Kings,Royal Challengers Bangalore,bat,Chennai Super Kings,0.0,win,,8.0,RD Gaikwad,6,20,T20,T20,male,club,1,129,1,129.0,4119.0
1216520,2020,2020/21,2020-10-26,46.0,Indian Premier League,Sharjah,Sharjah Cricket Stadium,Kolkata Knight Riders,Punjab Kings,Punjab Kings,field,Punjab Kings,0.0,win,,8.0,CH Gayle,6,20,T20,T20,male,club,6,494,494,494.0,1.0
1216524,2020,2020/21,2020-10-27,47.0,Indian Premier League,Dubai,Dubai International Cricket Stadium,Sunrisers Hyderabad,Delhi Capitals,Delhi Capitals,field,Sunrisers Hyderabad,1.0,win,88.0,,WP Saha,6,20,T20,T20,male,club,2,252,252,2.0,69.0
1216499,2020,2020/21,2020-10-28,48.0,Indian Premier League,Abu Dhabi,"Zayed Cricket Stadium, Abu Dhabi",Royal Challengers Bangalore,Mumbai Indians,Mumbai Indians,field,Mumbai Indians,0.0,win,,5.0,SA Yadav,6,20,T20,T20,male,club,1,3,3,3.0,61.0
1216536,2020,2020/21,2020-10-29,49.0,Indian Premier League,Dubai,Dubai International Cricket Stadium,Kolkata Knight Riders,Chennai Super Kings,Chennai Super Kings,field,Chennai Super Kings,0.0,win,,6.0,RD Gaikwad,6,20,T20,T20,male,club,6,129,129,129.0,4119.0
1216537,2020,2020/21,2020-10-30,50.0,Indian Premier League,Abu Dhabi,"Zayed Cricket Stadium, Abu Dhabi",Punjab Kings,Rajasthan Royals,Rajasthan Royals,field,Rajasthan Royals,0.0,win,,7.0,BA Stokes,6,20,T20,T20,male,club,494,134,134,134.0,37.0
1216502,2020,2020/21,2020-10-31,52.0,Indian Premier League,Sharjah,Sharjah Cricket Stadium,Royal Challengers Bangalore,Sunrisers Hyderabad,Sunrisers Hyderabad,field,Sunrisers Hyderabad,0.0,win,,5.0,Sandeep Sharma,6,20,T20,T20,male,club,1,2,2,2.0,76.0
1216535,2020,2020/21,2020-10-31,51.0,Indian Premier League,Dubai,Dubai International Cricket Stadium,Delhi Capitals,Mumbai Indians,Mumbai Indians,field,Mumbai Indians,0.0,win,,9.0,Ishan Kishan,6,20,T20,T20,male,club,252,3,3,3.0,347.0
1216506,2020,2020/21,2020-11-01,53.0,Indian Premier League,Abu Dhabi,"Zayed Cricket Stadium, Abu Dhabi",Punjab Kings,Chennai Super Kings,Chennai Super Kings,field,Chennai Super Kings,0.0,win,,9.0,RD Gaikwad,6,20,T20,T20,male,club,494,129,129,129.0,4119.0
1216530,2020,2020/21,2020-11-01,54.0,Indian Premier League,Dubai,Dubai International Cricket Stadium,Kolkata Knight Riders,Rajasthan Royals,Rajasthan Royals,field,Kolkata Knight Riders,1.0,win,60.0,,PJ Cummins,6,20,T20,T20,male,club,6,134,134,6.0,184.0
1216505,2020,2020/21,2020-11-02,55.0,Indian Premier League,Abu Dhabi,"Zayed Cricket Stadium, Abu Dhabi",Royal Challengers Bangalore,Delhi Capitals,Delhi Capitals,field,Delhi Capitals,0.0,win,,6.0,A Nortje,6,20,T20,T20,male,club,1,252,252,252.0,4047.0
1216495,2020,2020/21,2020-11-03,56.0,Indian Premier League,Sharjah,Sharjah Cricket Stadium,Mumbai Indians,Sunrisers Hyderabad,Sunrisers Hyderabad,field,Sunrisers Hyderabad,0.0,win,,10.0,S Nadeem,6,20,T20,T20,male,club,3,2,2,2.0,186.0
1237177,2020,2020/21,2020-11-05,,Indian Premier League,Dubai,Dubai International Cricket Stadium,Mumbai Indians,Delhi Capitals,Delhi Capitals,field,Mumbai Indians,1.0,win,57.0,,JJ Bumrah,6,20,T20,T20,male,club,3,252,252,3.0,33.0
1237178,2020,2020/21,2020-11-06,,Indian Premier League,Abu Dhabi,"Zayed Cricket Stadium, Abu Dhabi",Royal Challengers Bangalore,Sunrisers Hyderabad,Sunrisers Hyderabad,field,Sunrisers Hyderabad,0.0,win,,6.0,KS Williamson,6,20,T20,T20,male,club,1,2,2,2.0,531.0
1237180,2020,2020/21,2020-11-08,,Indian Premier League,Abu Dhabi,"Zayed Cricket Stadium, Abu Dhabi",Delhi Capitals,Sunrisers Hyderabad,Delhi Capitals,bat,Delhi Capitals,1.0,win,17.0,,MP Stoinis,6,20,T20,T20,male,club,252,2,252,252.0,73.0
1237181,2020,2020/21,2020-11-10,,Indian Premier League,Dubai,Dubai International Cricket Stadium,Delhi Capitals,Mumbai Indians,Delhi Capitals,bat,Mumbai Indians,0.0,win,,5.0,TA Boult,6,20,T20,T20,male,club,252,3,252,3.0,66.0
1254058,2021,2021,2021-04-09,1.0,Indian Premier League,Chennai,"MA Chidambaram Stadium, Chepauk, Chennai",Mumbai Indians,Royal Challengers Bangalore,Royal Challengers Bangalore,field,Royal Challengers Bangalore,0.0,win,,2.0,HV Patel,6,20,T20,T20,male,club,3,1,1,1.0,1285.0
1254059,2021,2021,2021-04-10,2.0,Indian Premier League,Mumbai,"Wankhede Stadium, Mumbai",Chennai Super Kings,Delhi Capitals,Delhi Capitals,field,Delhi Capitals,0.0,win,,7.0,S Dhawan,6,20,T20,T20,male,club,129,252,252,252.0,13.0
1254060,2021,2021,2021-04-11,3.0,Indian Premier League,Chennai,"MA Chidambaram Stadium, Chepauk, Chennai",Kolkata Knight Riders,Sunrisers Hyderabad,Sunrisers Hyderabad,field,Kolkata Knight Riders,1.0,win,10.0,,N Rana,6,20,T20,T20,male,club,6,2,2,6.0,26.0
1254061,2021,2021,2021-04-12,4.0,Indian Premier League,Mumbai,"Wankhede Stadium, Mumbai",Punjab Kings,Rajasthan Royals,Rajasthan Royals,field,Punjab Kings,1.0,win,4.0,,SV Samson,6,20,T20,T20,male,club,494,134,134,494.0,180.0
1254062,2021,2021,2021-04-13,5.0,Indian Premier League,Chennai,"MA Chidambaram Stadium, Chepauk, Chennai",Mumbai Indians,Kolkata Knight Riders,Kolkata Knight Riders,field,Mumbai Indians,1.0,win,10.0,,RD Chahar,6,20,T20,T20,male,club,3,6,6,3.0,163.0
1254063,2021,2021,2021-04-14,6.0,Indian Premier League,Chennai,"MA Chidambaram Stadium, Chepauk, Chennai",Royal Challengers Bangalore,Sunrisers Hyderabad,Sunrisers Hyderabad,field,Royal Challengers Bangalore,1.0,win,6.0,,GJ Maxwell,6,20,T20,T20,male,club,1,2,2,1.0,71.0
1254064,2021,2021,2021-04-15,7.0,Indian Premier League,Mumbai,"Wankhede Stadium, Mumbai",Delhi Capitals,Rajasthan Royals,Rajasthan Royals,field,Rajasthan Royals,0.0,win,,3.0,JD Unadkat,6,20,T20,T20,male,club,252,134,134,134.0,438.0
1254065,2021,2021,2021-04-16,8.0,Indian Premier League,Mumbai,"Wankhede Stadium, Mumbai",Punjab Kings,Chennai Super Kings,Chennai Super Kings,field,Chennai Super Kings,0.0,win,,6.0,DL Chahar,6,20,T20,T20,male,club,494,129,129,129.0,41.0
1254066,2021,2021,2021-04-17,9.0,Indian Premier League,Chennai,"MA Chidambaram Stadium, Chepauk, Chennai",Mumbai Indians,Sunrisers Hyderabad,Mumbai Indians,bat,Mumbai Indians,1.0,win,13.0,,KA Pollard,6,20,T20,T20,male,club,3,2,3,3.0,29.0
1254067,2021,2021,2021-04-18,10.0,Indian Premier League,Chennai,"MA Chidambaram Stadium, Chepauk, Chennai",Royal Challengers Bangalore,Kolkata Knight Riders,Royal Challengers Bangalore,bat,Royal Challengers Bangalore,1.0,win,38.0,,AB de Villiers,6,20,T20,T20,male,club,1,6,1,1.0,245.0
1254068,2021,2021,2021-04-18,11.0,Indian Premier League,Mumbai,"Wankhede Stadium, Mumbai",Punjab Kings,Delhi Capitals,Delhi Capitals,field,Delhi Capitals,0.0,win,,6.0,S Dhawan,6,20,T20,T20,male,club,494,252,252,252.0,13.0
1254069,2021,2021,2021-04-19,12.0,Indian Premier League,Mumbai,"Wankhede Stadium, Mumbai",Chennai Super Kings,Rajasthan Royals,Rajasthan Royals,field,Chennai Super Kings,1.0,win,45.0,,MM Ali,6,20,T20,T20,male,club,129,134,134,129.0,2227.0
1254070,2021,2021,2021-04-20,13.0,Indian Premier League,Chennai,"MA Chidambaram Stadium, Chepauk, Chennai",Mumbai Indians,Delhi Capitals,Mumbai Indians,bat,Delhi Capitals,0.0,win,,6.0,A Mishra,6,20,T20,T20,male,club,3,252,3,252.0,185.0
1254071,2021,2021,2021-04-21,14.0,Indian Premier League,Chennai,"MA Chidambaram Stadium, Chepauk, Chennai",Punjab Kings,Sunrisers Hyderabad,Punjab Kings,bat,Sunrisers Hyderabad,0.0,win,,9.0,JM Bairstow,6,20,T20,T20,male,club,494,2,494,2.0,2719.0
1254072,2021,2021,2021-04-21,15.0,Indian Premier League,Mumbai,"Wankhede Stadium, Mumbai",Chennai Super Kings,Kolkata Knight Riders,Kolkata Knight Riders,field,Chennai Super Kings,1.0,win,18.0,,F du Plessis,6,20,T20,T20,male,club,129,6,6,129.0,267.0
1254073,2021,2021,2021-04-22,16.0,Indian Premier League,Mumbai,"Wankhede Stadium, Mumbai",Rajasthan Royals,Royal Challengers Bangalore,Royal Challengers Bangalore,field,Royal Challengers Bangalore,0.0,win,,10.0,D Padikkal,6,20,T20,T20,male,club,134,1,1,1.0,4071.0
1254074,2021,2021,2021-04-23,17.0,Indian Premier League,Chennai,"MA Chidambaram Stadium, Chepauk, Chennai",Mumbai Indians,Punjab Kings,Punjab Kings,field,Punjab Kings,0.0,win,,9.0,KL Rahul,6,20,T20,T20,male,club,3,494,494,494.0,1409.0
1254075,2021,2021,2021-04-24,18.0,Indian Premier League,Mumbai,"Wankhede Stadium, Mumbai",Kolkata Knight Riders,Rajasthan Royals,Rajasthan Royals,field,Rajasthan Royals,0.0,win,,6.0,CH Morris,6,20,T20,T20,male,club,6,134,134,134.0,182.0
1254076,2021,2021,2021-04-25,19.0,Indian Premier League,Mumbai,"Wankhede Stadium, Mumbai",Chennai Super Kings,Royal Challengers Bangalore,Chennai Super Kings,bat,Chennai Super Kings,1.0,win,69.0,,RA Jadeja,6,20,T20,T20,male,club,129,1,129,129.0,348.0
1254077,2021,2021,2021-04-25,20.0,Indian Premier League,Chennai,"MA Chidambaram Stadium, Chepauk, Chennai",Delhi Capitals,Sunrisers Hyderabad,Delhi Capitals,bat,Sunrisers Hyderabad,0.0,tie,,,PP Shaw,6,20,T20,T20,male,club,252,2,252,2.0,1849.0
1254078,2021,2021,2021-04-26,21.0,Indian Premier League,Ahmedabad,"Narendra Modi Stadium, Ahmedabad",Punjab Kings,Kolkata Knight Riders,Kolkata Knight Riders,field,Kolkata Knight Riders,0.0,win,,5.0,EJG Morgan,6,20,T20,T20,male,club,494,6,6,6.0,400.0
1254079,2021,2021,2021-04-27,22.0,Indian Premier League,Ahmedabad,"Narendra Modi Stadium, Ahmedabad",Royal Challengers Bangalore,Delhi Capitals,Delhi Capitals,field,Royal Challengers Bangalore,1.0,win,1.0,,AB de Villiers,6,20,T20,T20,male,club,1,252,252,1.0,245.0
1254080,2021,2021,2021-04-28,23.0,Indian Premier League,Delhi,"Arun Jaitley Stadium, Delhi",Sunrisers Hyderabad,Chennai Super Kings,Sunrisers Hyderabad,bat,Chennai Super Kings,0.0,win,,7.0,RD Gaikwad,6,20,T20,T20,male,club,2,129,2,129.0,4119.0
1254081,2021,2021,2021-04-29,24.0,Indian Premier League,Delhi,"Arun Jaitley Stadium, Delhi",Rajasthan Royals,Mumbai Indians,Mumbai Indians,field,Mumbai Indians,0.0,win,,7.0,Q de Kock,6,20,T20,T20,male,club,134,3,3,3.0,1421.0
1254082,2021,2021,2021-04-29,25.0,Indian Premier League,Ahmedabad,"Narendra Modi Stadium, Ahmedabad",Kolkata Knight Riders,Delhi Capitals,Delhi Capitals,field,Delhi Capitals,0.0,win,,7.0,PP Shaw,6,20,T20,T20,male,club,6,252,252,252.0,1849.0
1254083,2021,2021,2021-04-30,26.0,Indian Premier League,Ahmedabad,"Narendra Modi Stadium, Ahmedabad",Punjab Kings,Royal Challengers Bangalore,Royal Challengers Bangalore,field,Punjab Kings,1.0,win,34.0,,Harpreet Brar,6,20,T20,T20,male,club,494,1,1,494.0,3495.0
1254084,2021,2021,2021-05-01,27.0,Indian Premier League,Delhi,"Arun Jaitley Stadium, Delhi",Chennai Super Kings,Mumbai Indians,Mumbai Indians,field,Mumbai Indians,0.0,win,,4.0,KA Pollard,6,20,T20,T20,male,club,129,3,3,3.0,29.0
1254085,2021,2021,2021-05-02,28.0,Indian Premier League,Delhi,"Arun Jaitley Stadium, Delhi",Rajasthan Royals,Sunrisers Hyderabad,Sunrisers Hyderabad,field,Rajasthan Royals,1.0,win,55.0,,JC Buttler,6,20,T20,T20,male,club,134,2,2,134.0,24.0
1254086,2021,2021,2021-05-02,29.0,Indian Premier League,Ahmedabad,"Narendra Modi Stadium, Ahmedabad",Punjab Kings,Delhi Capitals,Delhi Capitals,field,Delhi Capitals,0.0,win,,7.0,MA Agarwal,6,20,T20,T20,male,club,494,252,252,252.0,35.0
1254104,2021,2021,2021-09-19,30.0,Indian Premier League,Dubai,Dubai International Cricket Stadium,Chennai Super Kings,Mumbai Indians,Chennai Super Kings,bat,Chennai Super Kings,1.0,win,20.0,,RD Gaikwad,6,20,T20,T20,male,club,129,3,129,129.0,4119.0
1254087,2021,2021,2021-09-20,31.0,Indian Premier League,Abu Dhabi,"Zayed Cricket Stadium, Abu Dhabi",Royal Challengers Bangalore,Kolkata Knight Riders,Royal Challengers Bangalore,bat,Kolkata Knight Riders,0.0,win,,9.0,CV Varun,6,20,T20,T20,male,club,1,6,1,6.0,2825.0
1254111,2021,2021,2021-09-21,32.0,Indian Premier League,Dubai,Dubai International Cricket Stadium,Rajasthan Royals,Punjab Kings,Punjab Kings,field,Rajasthan Royals,1.0,win,2.0,,Kartik Tyagi,6,20,T20,T20,male,club,134,494,494,134.0,4212.0
1254105,2021,2021,2021-09-22,33.0,Indian Premier League,Dubai,Dubai International Cricket Stadium,Sunrisers Hyderabad,Delhi Capitals,Sunrisers Hyderabad,bat,Delhi Capitals,0.0,win,,8.0,A Nortje,6,20,T20,T20,male,club,2,252,2,252.0,4047.0
1254096,2021,2021,2021-09-23,34.0,Indian Premier League,Abu Dhabi,"Zayed Cricket Stadium, Abu Dhabi",Mumbai Indians,Kolkata Knight Riders,Kolkata Knight Riders,field,Kolkata Knight Riders,0.0,win,,7.0,SP Narine,6,20,T20,T20,male,club,3,6,6,6.0,65.0
1254113,2021,2021,2021-09-24,35.0,Indian Premier League,Sharjah,Sharjah Cricket Stadium,Royal Challengers Bangalore,Chennai Super Kings,Chennai Super Kings,field,Chennai Super Kings,0.0,win,,6.0,DJ Bravo,6,20,T20,T20,male,club,1,129,129,129.0,1393.0
1254097,2021,2021,2021-09-25,36.0,Indian Premier League,Abu Dhabi,"Zayed Cricket Stadium, Abu Dhabi",Delhi Capitals,Rajasthan Royals,Rajasthan Royals,field,Delhi Capitals,1.0,win,33.0,,SS Iyer,6,20,T20,T20,male,club,252,134,134,252.0,389.0
1254107,2021,2021,2021-09-25,37.0,Indian Premier League,Sharjah,Sharjah Cricket Stadium,Punjab Kings,Sunrisers Hyderabad,Sunrisers Hyderabad,field,Punjab Kings,1.0,win,5.0,,JO Holder,6,20,T20,T20,male,club,494,2,2,494.0,4098.0
1254098,2021,2021,2021-09-26,38.0,Indian Premier League,Abu Dhabi,"Zayed Cricket Stadium, Abu Dhabi",Kolkata Knight Riders,Chennai Super Kings,Kolkata Knight Riders,bat,Chennai Super Kings,0.0,win,,2.0,RA Jadeja,6,20,T20,T20,male,club,6,129,6,129.0,348.0
1254108,2021,2021,2021-09-26,39.0,Indian Premier League,Dubai,Dubai International Cricket Stadium,Royal Challengers Bangalore,Mumbai Indians,Mumbai Indians,field,Royal Challengers Bangalore,1.0,win,54.0,,GJ Maxwell,6,20,T20,T20,male,club,1,3,3,1.0,71.0
1254100,2021,2021,2021-09-27,40.0,Indian Premier League,Dubai,Dubai International Cricket Stadium,Rajasthan Royals,Sunrisers Hyderabad,Rajasthan Royals,bat,Sunrisers Hyderabad,0.0,win,,7.0,JJ Roy,6,20,T20,T20,male,club,134,2,134,2.0,45.0
1254092,2021,2021,2021-09-28,41.0,Indian Premier League,Sharjah,Sharjah Cricket Stadium,Delhi Capitals,Kolkata Knight Riders,Kolkata Knight Riders,field,Kolkata Knight Riders,0.0,win,,3.0,SP Narine,6,20,T20,T20,male,club,252,6,6,6.0,65.0
1254099,2021,2021,2021-09-28,42.0,Indian Premier League,Abu Dhabi,"Zayed Cricket Stadium, Abu Dhabi",Punjab Kings,Mumbai Indians,Mumbai Indians,field,Mumbai Indians,0.0,win,,6.0,KA Pollard,6,20,T20,T20,male,club,494,3,3,3.0,29.0
1254103,2021,2021,2021-09-29,43.0,Indian Premier League,Dubai,Dubai International Cricket Stadium,Rajasthan Royals,Royal Challengers Bangalore,Royal Challengers Bangalore,field,Royal Challengers Bangalore,0.0,win,,7.0,YS Chahal,6,20,T20,T20,male,club,134,1,1,1.0,10.0
1254091,2021,2021,2021-09-30,44.0,Indian Premier League,Sharjah,Sharjah Cricket Stadium,Sunrisers Hyderabad,Chennai Super Kings,Chennai Super Kings,field,Chennai Super Kings,0.0,win,,6.0,JR Hazlewood,6,20,T20,T20,male,club,2,129,129,129.0,4664.0
1254102,2021,2021,2021-10-01,45.0,Indian Premier League,Dubai,Dubai International Cricket Stadium,Kolkata Knight Riders,Punjab Kings,Punjab Kings,field,Punjab Kings,0.0,win,,5.0,KL Rahul,6,20,T20,T20,male,club,6,494,494,494.0,1409.0
1254089,2021,2021,2021-10-02,47.0,Indian Premier League,Abu Dhabi,"Zayed Cricket Stadium, Abu Dhabi",Chennai Super Kings,Rajasthan Royals,Rajasthan Royals,field,Rajasthan Royals,0.0,win,,7.0,RD Gaikwad,6,20,T20,T20,male,club,129,134,134,134.0,4119.0
1254112,2021,2021,2021-10-02,46.0,Indian Premier League,Sharjah,Sharjah Cricket Stadium,Mumbai Indians,Delhi Capitals,Delhi Capitals,field,Delhi Capitals,0.0,win,,4.0,AR Patel,6,20,T20,T20,male,club,3,252,252,252.0,70.0
1254090,2021,2021,2021-10-03,48.0,Indian Premier League,Sharjah,Sharjah Cricket Stadium,Royal Challengers Bangalore,Punjab Kings,Royal Challengers Bangalore,bat,Royal Challengers Bangalore,1.0,win,6.0,,GJ Maxwell,6,20,T20,T20,male,club,1,494,1,1.0,71.0
1254109,2021,2021,2021-10-03,49.0,Indian Premier League,Dubai,Dubai International Cricket Stadium,Sunrisers Hyderabad,Kolkata Knight Riders,Sunrisers Hyderabad,bat,Kolkata Knight Riders,0.0,win,,6.0,Shubman Gill,6,20,T20,T20,male,club,2,6,2,6.0,1580.0
1254110,2021,2021,2021-10-04,50.0,Indian Premier League,Dubai,Dubai International Cricket Stadium,Chennai Super Kings,Delhi Capitals,Delhi Capitals,field,Delhi Capitals,0.0,win,,3.0,AR Patel,6,20,T20,T20,male,club,129,252,252,252.0,70.0
1254093,2021,2021,2021-10-05,51.0,Indian Premier League,Sharjah,Sharjah Cricket Stadium,Rajasthan Royals,Mumbai Indians,Mumbai Indians,field,Mumbai Indians,0.0,win,,8.0,NM Coulter-Nile,6,20,T20,T20,male,club,134,3,3,3.0,471.0
1254095,2021,2021,2021-10-06,52.0,Indian Premier League,Abu Dhabi,"Zayed Cricket Stadium, Abu Dhabi",Sunrisers Hyderabad,Royal Challengers Bangalore,Royal Challengers Bangalore,field,Sunrisers Hyderabad,1.0,win,4.0,,KS Williamson,6,20,T20,T20,male,club,2,1,1,2.0,531.0
1254094,2021,2021,2021-10-07,53.0,Indian Premier League,Dubai,Dubai International Cricket Stadium,Chennai Super Kings,Punjab Kings,Punjab Kings,field,Punjab Kings,0.0,win,,6.0,KL Rahul,6,20,T20,T20,male,club,129,494,494,494.0,1409.0
1254106,2021,2021,2021-10-07,54.0,Indian Premier League,Sharjah,Sharjah Cricket Stadium,Kolkata Knight Riders,Rajasthan Royals,Rajasthan Royals,field,Kolkata Knight Riders,1.0,win,86.0,,Shivam Mavi,6,20,T20,T20,male,club,6,134,134,6.0,1581.0
1254088,2021,2021,2021-10-08,55.0,Indian Premier League,Abu Dhabi,"Zayed Cricket Stadium, Abu Dhabi",Mumbai Indians,Sunrisers Hyderabad,Mumbai Indians,bat,Mumbai Indians,1.0,win,42.0,,Ishan Kishan,6,20,T20,T20,male,club,3,2,3,3.0,347.0
1254101,2021,2021,2021-10-08,56.0,Indian Premier League,Dubai,Dubai International Cricket Stadium,Delhi Capitals,Royal Challengers Bangalore,Royal Challengers Bangalore,field,Royal Challengers Bangalore,0.0,win,,7.0,KS Bharat,6,20,T20,T20,male,club,252,1,1,1.0,5976.0
1254114,2021,2021,2021-10-10,,Indian Premier League,Dubai,Dubai International Cricket Stadium,Delhi Capitals,Chennai Super Kings,Chennai Super Kings,field,Chennai Super Kings,0.0,win,,4.0,RD Gaikwad,6,20,T20,T20,male,club,252,129,129,129.0,4119.0
1254115,2021,2021,2021-10-11,,Indian Premier League,Sharjah,Sharjah Cricket Stadium,Royal Challengers Bangalore,Kolkata Knight Riders,Royal Challengers Bangalore,bat,Kolkata Knight Riders,0.0,win,,4.0,SP Narine,6,20,T20,T20,male,club,1,6,1,6.0,65.0
1254116,2021,2021,2021-10-13,,Indian Premier League,Sharjah,Sharjah Cricket Stadium,Delhi Capitals,Kolkata Knight Riders,Kolkata Knight Riders,field,Kolkata Knight Riders,0.0,win,,3.0,VR Iyer,6,20,T20,T20,male,club,252,6,6,6.0,5986.0
1254117,2021,2021,2021-10-15,,Indian Premier League,Dubai,Dubai International Cricket Stadium,Chennai Super Kings,Kolkata Knight Riders,Kolkata Knight Riders,field,Chennai Super Kings,1.0,win,27.0,,F du Plessis,6,20,T20,T20,male,club,129,6,6,129.0,267.0
1304047,2022,2022,2022-03-26,1.0,Indian Premier League,Mumbai,"Wankhede Stadium, Mumbai",Chennai Super Kings,Kolkata Knight Riders,Kolkata Knight Riders,field,Kolkata Knight Riders,0.0,win,,6.0,UT Yadav,6,20,T20,T20,male,club,129,6,6,6.0,318.0
1304048,2022,2022,2022-03-27,2.0,Indian Premier League,Mumbai,"Brabourne Stadium, Mumbai",Mumbai Indians,Delhi Capitals,Delhi Capitals,field,Delhi Capitals,0.0,win,,4.0,Kuldeep Yadav,6,20,T20,T20,male,club,3,252,252,252.0,64.0
1304049,2022,2022,2022-03-27,3.0,Indian Premier League,Mumbai,"Dr DY Patil Sports Academy, Mumbai",Royal Challengers Bangalore,Punjab Kings,Punjab Kings,field,Punjab Kings,0.0,win,,5.0,OF Smith,6,20,T20,T20,male,club,1,494,494,494.0,6717.0
1304050,2022,2022,2022-03-28,4.0,Indian Premier League,Mumbai,"Wankhede Stadium, Mumbai",Lucknow Super Giants,Gujarat Titans,Gujarat Titans,field,Gujarat Titans,0.0,win,,5.0,Mohammed Shami,6,20,T20,T20,male,club,614,615,615,615.0,460.0
1304051,2022,2022,2022-03-29,5.0,Indian Premier League,Pune,"Maharashtra Cricket Association Stadium, Pune",Rajasthan Royals,Sunrisers Hyderabad,Sunrisers Hyderabad,field,Rajasthan Royals,1.0,win,61.0,,SV Samson,6,20,T20,T20,male,club,134,2,2,134.0,180.0
1304052,2022,2022,2022-03-30,6.0,Indian Premier League,Mumbai,"Dr DY Patil Sports Academy, Mumbai",Kolkata Knight Riders,Royal Challengers Bangalore,Royal Challengers Bangalore,field,Royal Challengers Bangalore,0.0,win,,3.0,PWH de Silva,6,20,T20,T20,male,club,6,1,1,1.0,5980.0
1304053,2022,2022,2022-03-31,7.0,Indian Premier League,Mumbai,"Brabourne Stadium, Mumbai",Chennai Super Kings,Lucknow Super Giants,Lucknow Super Giants,field,Lucknow Super Giants,0.0,win,,6.0,E Lewis,6,20,T20,T20,male,club,129,614,614,614.0,1377.0
1304054,2022,2022,2022-04-01,8.0,Indian Premier League,Mumbai,"Wankhede Stadium, Mumbai",Punjab Kings,Kolkata Knight Riders,Kolkata Knight Riders,field,Kolkata Knight Riders,0.0,win,,6.0,UT Yadav,6,20,T20,T20,male,club,494,6,6,6.0,318.0
1304055,2022,2022,2022-04-02,9.0,Indian Premier League,Mumbai,"Dr DY Patil Sports Academy, Mumbai",Rajasthan Royals,Mumbai Indians,Mumbai Indians,field,Rajasthan Royals,1.0,win,23.0,,JC Buttler,6,20,T20,T20,male,club,134,3,3,134.0,24.0
1304056,2022,2022,2022-04-02,10.0,Indian Premier League,Pune,"Maharashtra Cricket Association Stadium, Pune",Gujarat Titans,Delhi Capitals,Delhi Capitals,field,Gujarat Titans,1.0,win,14.0,,LH Ferguson,6,20,T20,T20,male,club,615,252,252,615.0,361.0
1304057,2022,2022,2022-04-03,11.0,Indian Premier League,Mumbai,"Brabourne Stadium, Mumbai",Punjab Kings,Chennai Super Kings,Chennai Super Kings,field,Punjab Kings,1.0,win,54.0,,LS Livingstone,6,20,T20,T20,male,club,494,129,129,494.0,3284.0
1304058,2022,2022,2022-04-04,12.0,Indian Premier League,Mumbai,"Dr DY Patil Sports Academy, Mumbai",Lucknow Super Giants,Sunrisers Hyderabad,Sunrisers Hyderabad,field,Lucknow Super Giants,1.0,win,12.0,,Avesh Khan,6,20,T20,T20,male,club,614,2,2,614.0,1286.0
1304059,2022,2022,2022-04-05,13.0,Indian Premier League,Mumbai,"Wankhede Stadium, Mumbai",Rajasthan Royals,Royal Challengers Bangalore,Royal Challengers Bangalore,field,Royal Challengers Bangalore,0.0,win,,4.0,KD Karthik,6,20,T20,T20,male,club,134,1,1,1.0,49.0
1304060,2022,2022,2022-04-06,14.0,Indian Premier League,Pune,"Maharashtra Cricket Association Stadium, Pune",Mumbai Indians,Kolkata Knight Riders,Kolkata Knight Riders,field,Kolkata Knight Riders,0.0,win,,5.0,PJ Cummins,6,20,T20,T20,male,club,3,6,6,6.0,184.0
1304061,2022,2022,2022-04-07,15.0,Indian Premier League,Mumbai,"Dr DY Patil Sports Academy, Mumbai",Delhi Capitals,Lucknow Super Giants,Lucknow Super Giants,field,Lucknow Super Giants,0.0,win,,6.0,Q de Kock,6,20,T20,T20,male,club,252,614,614,614.0,1421.0
1304062,2022,2022,2022-04-08,16.0,Indian Premier League,Mumbai,"Brabourne Stadium, Mumbai",Punjab Kings,Gujarat Titans,Gujarat Titans,field,Gujarat Titans,0.0,win,,6.0,Shubman Gill,6,20,T20,T20,male,club,494,615,615,615.0,1580.0
1304063,2022,2022,2022-04-09,17.0,Indian Premier League,Mumbai,"Dr DY Patil Sports Academy, Mumbai",Chennai Super Kings,Sunrisers Hyderabad,Sunrisers Hyderabad,field,Sunrisers Hyderabad,0.0,win,,8.0,Abhishek Sharma,6,20,T20,T20,male,club,129,2,2,2.0,2349.0
1304064,2022,2022,2022-04-09,18.0,Indian Premier League,Pune,"Maharashtra Cricket Association Stadium, Pune",Mumbai Indians,Royal Challengers Bangalore,Royal Challengers Bangalore,field,Royal Challengers Bangalore,0.0,win,,7.0,Anuj Rawat,6,20,T20,T20,male,club,3,1,1,1.0,5935.0
1304065,2022,2022,2022-04-10,19.0,Indian Premier League,Mumbai,"Brabourne Stadium, Mumbai",Delhi Capitals,Kolkata Knight Riders,Kolkata Knight Riders,field,Delhi Capitals,1.0,win,44.0,,Kuldeep Yadav,6,20,T20,T20,male,club,252,6,6,252.0,64.0
1304066,2022,2022,2022-04-10,20.0,Indian Premier League,Mumbai,"Wankhede Stadium, Mumbai",Rajasthan Royals,Lucknow Super Giants,Lucknow Super Giants,field,Rajasthan Royals,1.0,win,3.0,,YS Chahal,6,20,T20,T20,male,club,134,614,614,134.0,10.0
1304067,2022,2022,2022-04-11,21.0,Indian Premier League,Mumbai,"Dr DY Patil Sports Academy, Mumbai",Gujarat Titans,Sunrisers Hyderabad,Sunrisers Hyderabad,field,Sunrisers Hyderabad,0.0,win,,8.0,KS Williamson,6,20,T20,T20,male,club,615,2,2,2.0,531.0
1304068,2022,2022,2022-04-12,22.0,Indian Premier League,Mumbai,"Dr DY Patil Sports Academy, Mumbai",Chennai Super Kings,Royal Challengers Bangalore,Royal Challengers Bangalore,field,Chennai Super Kings,1.0,win,23.0,,S Dube,6,20,T20,T20,male,club,129,1,1,129.0,2701.0
1304069,2022,2022,2022-04-13,23.0,Indian Premier League,Pune,"Maharashtra Cricket Association Stadium, Pune",Punjab Kings,Mumbai Indians,Mumbai Indians,field,Punjab Kings,1.0,win,12.0,,MA Agarwal,6,20,T20,T20,male,club,494,3,3,494.0,35.0
1304070,2022,2022,2022-04-14,24.0,Indian Premier League,Mumbai,"Dr DY Patil Sports Academy, Mumbai",Gujarat Titans,Rajasthan Royals,Rajasthan Royals,field,Gujarat Titans,1.0,win,37.0,,HH Pandya,6,20,T20,T20,male,club,615,134,134,615.0,30.0
1304071,2022,2022,2022-04-15,25.0,Indian Premier League,Mumbai,"Brabourne Stadium, Mumbai",Kolkata Knight Riders,Sunrisers Hyderabad,Sunrisers Hyderabad,field,Sunrisers Hyderabad,0.0,win,,7.0,RA Tripathi,6,20,T20,T20,male,club,6,2,2,2.0,268.0
1304072,2022,2022,2022-04-16,26.0,Indian Premier League,Mumbai,"Brabourne Stadium, Mumbai",Lucknow Super Giants,Mumbai Indians,Mumbai Indians,field,Lucknow Super Giants,1.0,win,18.0,,KL Rahul,6,20,T20,T20,male,club,614,3,3,614.0,1409.0
1304073,2022,2022,2022-04-16,27.0,Indian Premier League,Mumbai,"Wankhede Stadium, Mumbai",Royal Challengers Bangalore,Delhi Capitals,Delhi Capitals,field,Royal Challengers Bangalore,1.0,win,16.0,,KD Karthik,6,20,T20,T20,male,club,1,252,252,1.0,49.0
1304074,2022,2022,2022-04-17,28.0,Indian Premier League,Mumbai,"Dr DY Patil Sports Academy, Mumbai",Punjab Kings,Sunrisers Hyderabad,Sunrisers Hyderabad,field,Sunrisers Hyderabad,0.0,win,,7.0,Umran Malik,6,20,T20,T20,male,club,494,2,2,2.0,6017.0
1304075,2022,2022,2022-04-17,29.0,Indian Premier League,Pune,"Maharashtra Cricket Association Stadium, Pune",Chennai Super Kings,Gujarat Titans,Gujarat Titans,field,Gujarat Titans,0.0,win,,3.0,DA Miller,6,20,T20,T20,male,club,129,615,615,615.0,72.0
1304076,2022,2022,2022-04-18,30.0,Indian Premier League,Mumbai,"Brabourne Stadium, Mumbai",Rajasthan Royals,Kolkata Knight Riders,Kolkata Knight Riders,field,Rajasthan Royals,1.0,win,7.0,,YS Chahal,6,20,T20,T20,male,club,134,6,6,134.0,10.0
1304077,2022,2022,2022-04-19,31.0,Indian Premier League,Mumbai,"Dr DY Patil Sports Academy, Mumbai",Royal Challengers Bangalore,Lucknow Super Giants,Lucknow Super Giants,field,Royal Challengers Bangalore,1.0,win,18.0,,F du Plessis,6,20,T20,T20,male,club,1,614,614,1.0,267.0
1304078,2022,2022,2022-04-20,32.0,Indian Premier League,Mumbai,"Brabourne Stadium, Mumbai",Punjab Kings,Delhi Capitals,Delhi Capitals,field,Delhi Capitals,0.0,win,,9.0,Kuldeep Yadav,6,20,T20,T20,male,club,494,252,252,252.0,64.0
1304079,2022,2022,2022-04-21,33.0,Indian Premier League,Navi Mumbai,"Dr DY Patil Sports Academy, Mumbai",Mumbai Indians,Chennai Super Kings,Chennai Super Kings,field,Chennai Super Kings,0.0,win,,3.0,Mukesh Choudhary,6,20,T20,T20,male,club,3,129,129,129.0,6798.0
1304080,2022,2022,2022-04-22,34.0,Indian Premier League,Mumbai,"Wankhede Stadium, Mumbai",Rajasthan Royals,Delhi Capitals,Delhi Capitals,field,Rajasthan Royals,1.0,win,15.0,,JC Buttler,6,20,T20,T20,male,club,134,252,252,134.0,24.0
1304081,2022,2022,2022-04-23,35.0,Indian Premier League,Navi Mumbai,"Dr DY Patil Sports Academy, Mumbai",Gujarat Titans,Kolkata Knight Riders,Gujarat Titans,bat,Gujarat Titans,1.0,win,8.0,,Rashid Khan,6,20,T20,T20,male,club,615,6,615,615.0,22.0
1304082,2022,2022,2022-04-23,36.0,Indian Premier League,Mumbai,"Brabourne Stadium, Mumbai",Royal Challengers Bangalore,Sunrisers Hyderabad,Sunrisers Hyderabad,field,Sunrisers Hyderabad,0.0,win,,9.0,M Jansen,6,20,T20,T20,male,club,1,2,2,2.0,5343.0
1304083,2022,2022,2022-04-24,37.0,Indian Premier League,Mumbai,"Wankhede Stadium, Mumbai",Lucknow Super Giants,Mumbai Indians,Mumbai Indians,field,Lucknow Super Giants,1.0,win,36.0,,KL Rahul,6,20,T20,T20,male,club,614,3,3,614.0,1409.0
1304084,2022,2022,2022-04-25,38.0,Indian Premier League,Mumbai,"Wankhede Stadium, Mumbai",Punjab Kings,Chennai Super Kings,Chennai Super Kings,field,Punjab Kings,1.0,win,11.0,,S Dhawan,6,20,T20,T20,male,club,494,129,129,494.0,13.0
1304085,2022,2022,2022-04-26,39.0,Indian Premier League,Pune,"Maharashtra Cricket Association Stadium, Pune",Rajasthan Royals,Royal Challengers Bangalore,Royal Challengers Bangalore,field,Rajasthan Royals,1.0,win,29.0,,R Parag,6,20,T20,T20,male,club,134,1,1,134.0,3230.0
1304086,2022,2022,2022-04-27,40.0,Indian Premier League,Mumbai,"Wankhede Stadium, Mumbai",Sunrisers Hyderabad,Gujarat Titans,Gujarat Titans,field,Gujarat Titans,0.0,win,,5.0,Umran Malik,6,20,T20,T20,male,club,2,615,615,615.0,6017.0
1304087,2022,2022,2022-04-28,41.0,Indian Premier League,Mumbai,"Wankhede Stadium, Mumbai",Kolkata Knight Riders,Delhi Capitals,Delhi Capitals,field,Delhi Capitals,0.0,win,,4.0,Kuldeep Yadav,6,20,T20,T20,male,club,6,252,252,252.0,64.0
1304088,2022,2022,2022-04-29,42.0,Indian Premier League,Pune,"Maharashtra Cricket Association Stadium, Pune",Lucknow Super Giants,Punjab Kings,Punjab Kings,field,Lucknow Super Giants,1.0,win,20.0,,KH Pandya,6,20,T20,T20,male,club,614,494,494,614.0,28.0
1304089,2022,2022,2022-04-30,43.0,Indian Premier League,Mumbai,"Brabourne Stadium, Mumbai",Royal Challengers Bangalore,Gujarat Titans,Royal Challengers Bangalore,bat,Gujarat Titans,0.0,win,,6.0,R Tewatia,6,20,T20,T20,male,club,1,615,1,615.0,1119.0
1304090,2022,2022,2022-04-30,44.0,Indian Premier League,Navi Mumbai,"Dr DY Patil Sports Academy, Mumbai",Rajasthan Royals,Mumbai Indians,Mumbai Indians,field,Mumbai Indians,0.0,win,,5.0,SA Yadav,6,20,T20,T20,male,club,134,3,3,3.0,61.0
1304091,2022,2022,2022-05-01,45.0,Indian Premier League,Mumbai,"Wankhede Stadium, Mumbai",Lucknow Super Giants,Delhi Capitals,Lucknow Super Giants,bat,Lucknow Super Giants,1.0,win,6.0,,Mohsin Khan,6,20,T20,T20,male,club,614,252,614,614.0,6730.0
1304092,2022,2022,2022-05-01,46.0,Indian Premier League,Pune,"Maharashtra Cricket Association Stadium, Pune",Chennai Super Kings,Sunrisers Hyderabad,Sunrisers Hyderabad,field,Chennai Super Kings,1.0,win,13.0,,RD Gaikwad,6,20,T20,T20,male,club,129,2,2,129.0,4119.0
1304093,2022,2022,2022-05-02,47.0,Indian Premier League,Mumbai,"Wankhede Stadium, Mumbai",Rajasthan Royals,Kolkata Knight Riders,Kolkata Knight Riders,field,Kolkata Knight Riders,0.0,win,,7.0,RK Singh,6,20,T20,T20,male,club,134,6,6,6.0,1436.0
1304094,2022,2022,2022-05-03,48.0,Indian Premier League,Navi Mumbai,"Dr DY Patil Sports Academy, Mumbai",Gujarat Titans,Punjab Kings,Gujarat Titans,bat,Punjab Kings,0.0,win,,8.0,K Rabada,6,20,T20,T20,male,club,615,494,615,494.0,590.0
1304095,2022,2022,2022-05-04,49.0,Indian Premier League,Pune,"Maharashtra Cricket Association Stadium, Pune",Royal Challengers Bangalore,Chennai Super Kings,Chennai Super Kings,field,Royal Challengers Bangalore,1.0,win,13.0,,HV Patel,6,20,T20,T20,male,club,1,129,129,1.0,1285.0
1304096,2022,2022,2022-05-05,50.0,Indian Premier League,Mumbai,"Brabourne Stadium, Mumbai",Delhi Capitals,Sunrisers Hyderabad,Sunrisers Hyderabad,field,Delhi Capitals,1.0,win,21.0,,DA Warner,6,20,T20,T20,male,club,252,2,2,252.0,12.0
1304097,2022,2022,2022-05-06,51.0,Indian Premier League,Mumbai,"Brabourne Stadium, Mumbai",Mumbai Indians,Gujarat Titans,Gujarat Titans,field,Mumbai Indians,1.0,win,5.0,,TH David,6,20,T20,T20,male,club,3,615,615,3.0,6550.0
1304098,2022,2022,2022-05-07,52.0,Indian Premier League,Mumbai,"Wankhede Stadium, Mumbai",Punjab Kings,Rajasthan Royals,Punjab Kings,bat,Rajasthan Royals,0.0,win,,6.0,YBK Jaiswal,6,20,T20,T20,male,club,494,134,494,134.0,4104.0
1304099,2022,2022,2022-05-07,53.0,Indian Premier League,Pune,"Maharashtra Cricket Association Stadium, Pune",Lucknow Super Giants,Kolkata Knight Riders,Kolkata Knight Riders,field,Lucknow Super Giants,1.0,win,75.0,,Avesh Khan,6,20,T20,T20,male,club,614,6,6,614.0,1286.0
1304100,2022,2022,2022-05-08,54.0,Indian Premier League,Mumbai,"Wankhede Stadium, Mumbai",Royal Challengers Bangalore,Sunrisers Hyderabad,Royal Challengers Bangalore,bat,Royal Challengers Bangalore,1.0,win,67.0,,PWH de Silva,6,20,T20,T20,male,club,1,2,1,1.0,5980.0
1304101,2022,2022,2022-05-08,55.0,Indian Premier League,Navi Mumbai,"Dr DY Patil Sports Academy, Mumbai",Chennai Super Kings,Delhi Capitals,Delhi Capitals,field,Chennai Super Kings,1.0,win,91.0,,DP Conway,6,20,T20,T20,male,club,129,252,252,129.0,6657.0
1304102,2022,2022,2022-05-09,56.0,Indian Premier League,Navi Mumbai,"Dr DY Patil Sports Academy, Mumbai",Kolkata Knight Riders,Mumbai Indians,Mumbai Indians,field,Kolkata Knight Riders,1.0,win,52.0,,JJ Bumrah,6,20,T20,T20,male,club,6,3,3,6.0,33.0
1304103,2022,2022,2022-05-10,57.0,Indian Premier League,Pune,"Maharashtra Cricket Association Stadium, Pune",Gujarat Titans,Lucknow Super Giants,Gujarat Titans,bat,Gujarat Titans,1.0,win,62.0,,Shubman Gill,6,20,T20,T20,male,club,615,614,615,615.0,1580.0
1304104,2022,2022,2022-05-11,58.0,Indian Premier League,Navi Mumbai,"Dr DY Patil Sports Academy, Mumbai",Rajasthan Royals,Delhi Capitals,Delhi Capitals,field,Delhi Capitals,0.0,win,,8.0,MR Marsh,6,20,T20,T20,male,club,134,252,252,252.0,4960.0
1304105,2022,2022,2022-05-12,59.0,Indian Premier League,Mumbai,"Wankhede Stadium, Mumbai",Chennai Super Kings,Mumbai Indians,Mumbai Indians,field,Mumbai Indians,0.0,win,,5.0,DR Sams,6,20,T20,T20,male,club,129,3,3,3.0,4320.0
1304106,2022,2022,2022-05-13,60.0,Indian Premier League,Mumbai,"Brabourne Stadium, Mumbai",Punjab Kings,Royal Challengers Bangalore,Royal Challengers Bangalore,field,Punjab Kings,1.0,win,54.0,,JM Bairstow,6,20,T20,T20,male,club,494,1,1,494.0,2719.0
1304107,2022,2022,2022-05-14,61.0,Indian Premier League,Pune,"Maharashtra Cricket Association Stadium, Pune",Kolkata Knight Riders,Sunrisers Hyderabad,Kolkata Knight Riders,bat,Kolkata Knight Riders,1.0,win,54.0,,AD Russell,6,20,T20,T20,male,club,6,2,6,6.0,1437.0
1304108,2022,2022,2022-05-15,62.0,Indian Premier League,Mumbai,"Wankhede Stadium, Mumbai",Chennai Super Kings,Gujarat Titans,Chennai Super Kings,bat,Gujarat Titans,0.0,win,,7.0,WP Saha,6,20,T20,T20,male,club,129,615,129,615.0,69.0
1304109,2022,2022,2022-05-15,63.0,Indian Premier League,Mumbai,"Brabourne Stadium, Mumbai",Rajasthan Royals,Lucknow Super Giants,Rajasthan Royals,bat,Rajasthan Royals,1.0,win,24.0,,TA Boult,6,20,T20,T20,male,club,134,614,134,134.0,66.0
1304110,2022,2022,2022-05-16,64.0,Indian Premier League,Navi Mumbai,"Dr DY Patil Sports Academy, Mumbai",Delhi Capitals,Punjab Kings,Punjab Kings,field,Delhi Capitals,1.0,win,17.0,,SN Thakur,6,20,T20,T20,male,club,252,494,494,252.0,360.0
1304111,2022,2022,2022-05-17,65.0,Indian Premier League,Mumbai,"Wankhede Stadium, Mumbai",Sunrisers Hyderabad,Mumbai Indians,Mumbai Indians,field,Sunrisers Hyderabad,1.0,win,3.0,,RA Tripathi,6,20,T20,T20,male,club,2,3,3,2.0,268.0
1304112,2022,2022,2022-05-18,66.0,Indian Premier League,Navi Mumbai,"Dr DY Patil Sports Academy, Mumbai",Lucknow Super Giants,Kolkata Knight Riders,Lucknow Super Giants,bat,Lucknow Super Giants,1.0,win,2.0,,Q de Kock,6,20,T20,T20,male,club,614,6,614,614.0,1421.0
1304113,2022,2022,2022-05-19,67.0,Indian Premier League,Mumbai,"Wankhede Stadium, Mumbai",Gujarat Titans,Royal Challengers Bangalore,Gujarat Titans,bat,Royal Challengers Bangalore,0.0,win,,8.0,V Kohli,6,20,T20,T20,male,club,615,1,615,1.0,332.0
1304114,2022,2022,2022-05-20,68.0,Indian Premier League,Mumbai,"Brabourne Stadium, Mumbai",Chennai Super Kings,Rajasthan Royals,Chennai Super Kings,bat,Rajasthan Royals,0.0,win,,5.0,R Ashwin,6,20,T20,T20,male,club,129,134,129,134.0,1416.0
1304115,2022,2022,2022-05-21,69.0,Indian Premier League,Mumbai,"Wankhede Stadium, Mumbai",Delhi Capitals,Mumbai Indians,Mumbai Indians,field,Mumbai Indians,0.0,win,,5.0,JJ Bumrah,6,20,T20,T20,male,club,252,3,3,3.0,33.0
1304116,2022,2022,2022-05-22,70.0,Indian Premier League,Mumbai,"Wankhede Stadium, Mumbai",Sunrisers Hyderabad,Punjab Kings,Sunrisers Hyderabad,bat,Punjab Kings,0.0,win,,5.0,Harpreet Brar,6,20,T20,T20,male,club,2,494,2,494.0,3495.0
1312197,2022,2022,2022-05-24,,Indian Premier League,Kolkata,"Eden Gardens, Kolkata",Rajasthan Royals,Gujarat Titans,Gujarat Titans,field,Gujarat Titans,0.0,win,,7.0,DA Miller,6,20,T20,T20,male,club,134,615,615,615.0,72.0
1312198,2022,2022,2022-05-25,,Indian Premier League,Kolkata,"Eden Gardens, Kolkata",Royal Challengers Bangalore,Lucknow Super Giants,Lucknow Super Giants,field,Royal Challengers Bangalore,1.0,win,14.0,,RM Patidar,6,20,T20,T20,male,club,1,614,614,1.0,5349.0
1312199,2022,2022,2022-05-27,,Indian Premier League,Ahmedabad,"Narendra Modi Stadium, Ahmedabad",Royal Challengers Bangalore,Rajasthan Royals,Rajasthan Royals,field,Rajasthan Royals,0.0,win,,7.0,JC Buttler,6,20,T20,T20,male,club,1,134,134,134.0,24.0
1312200,2022,2022,2022-05-29,,Indian Premier League,Ahmedabad,"Narendra Modi Stadium, Ahmedabad",Rajasthan Royals,Gujarat Titans,Rajasthan Royals,bat,Gujarat Titans,0.0,win,,7.0,HH Pandya,6,20,T20,T20,male,club,134,615,134,615.0,30.0
1359475,2023,2023,2023-03-31,1.0,Indian Premier League,Ahmedabad,"Narendra Modi Stadium, Ahmedabad",Chennai Super Kings,Gujarat Titans,Gujarat Titans,field,Gujarat Titans,0.0,win,,5.0,Rashid Khan,6,20,T20,T20,male,club,129,615,615,615.0,22.0
1359476,2023,2023,2023-04-01,2.0,Indian Premier League,Chandigarh,"Punjab Cricket Association IS Bindra Stadium, Mohali",Punjab Kings,Kolkata Knight Riders,Kolkata Knight Riders,field,Punjab Kings,1.0,win,7.0,,Arshdeep Singh,6,20,T20,T20,male,club,494,6,6,494.0,3388.0
1359477,2023,2023,2023-04-01,3.0,Indian Premier League,Lucknow,"Bharat Ratna Shri Atal Bihari Vajpayee Ekana Cricket Stadium, Lucknow",Lucknow Super Giants,Delhi Capitals,Delhi Capitals,field,Lucknow Super Giants,1.0,win,50.0,,MA Wood,6,20,T20,T20,male,club,614,252,252,614.0,1396.0
1359478,2023,2023,2023-04-02,4.0,Indian Premier League,Hyderabad,"Rajiv Gandhi International Stadium, Uppal, Hyderabad",Rajasthan Royals,Sunrisers Hyderabad,Sunrisers Hyderabad,field,Rajasthan Royals,1.0,win,72.0,,JC Buttler,6,20,T20,T20,male,club,134,2,2,134.0,24.0
1359479,2023,2023,2023-04-02,5.0,Indian Premier League,Bengaluru,"M Chinnaswamy Stadium, Bengaluru",Mumbai Indians,Royal Challengers Bangalore,Royal Challengers Bangalore,field,Royal Challengers Bangalore,0.0,win,,8.0,F du Plessis,6,20,T20,T20,male,club,3,1,1,1.0,267.0
1359480,2023,2023,2023-04-03,6.0,Indian Premier League,Chennai,"MA Chidambaram Stadium, Chepauk, Chennai",Chennai Super Kings,Lucknow Super Giants,Lucknow Super Giants,field,Chennai Super Kings,1.0,win,12.0,,MM Ali,6,20,T20,T20,male,club,129,614,614,129.0,2227.0
1359481,2023,2023,2023-04-04,7.0,Indian Premier League,Delhi,"Arun Jaitley Stadium, Delhi",Delhi Capitals,Gujarat Titans,Gujarat Titans,field,Gujarat Titans,0.0,win,,6.0,B Sai Sudharsan,6,20,T20,T20,male,club,252,615,615,615.0,6999.0
1359482,2023,2023,2023-04-05,8.0,Indian Premier League,Guwahati,"Barsapara Cricket Stadium, Guwahati",Punjab Kings,Rajasthan Royals,Rajasthan Royals,field,Punjab Kings,1.0,win,5.0,,NT Ellis,6,20,T20,T20,male,club,494,134,134,494.0,6245.0
1359483,2023,2023,2023-04-06,9.0,Indian Premier League,Kolkata,"Eden Gardens, Kolkata",Kolkata Knight Riders,Royal Challengers Bangalore,Royal Challengers Bangalore,field,Kolkata Knight Riders,1.0,win,81.0,,SN Thakur,6,20,T20,T20,male,club,6,1,1,6.0,360.0
1359484,2023,2023,2023-04-07,10.0,Indian Premier League,Lucknow,"Bharat Ratna Shri Atal Bihari Vajpayee Ekana Cricket Stadium, Lucknow",Sunrisers Hyderabad,Lucknow Super Giants,Sunrisers Hyderabad,bat,Lucknow Super Giants,0.0,win,,5.0,KH Pandya,6,20,T20,T20,male,club,2,614,2,614.0,28.0
1359485,2023,2023,2023-04-08,11.0,Indian Premier League,Guwahati,"Barsapara Cricket Stadium, Guwahati",Rajasthan Royals,Delhi Capitals,Delhi Capitals,field,Rajasthan Royals,1.0,win,57.0,,YBK Jaiswal,6,20,T20,T20,male,club,134,252,252,134.0,4104.0
1359486,2023,2023,2023-04-08,12.0,Indian Premier League,Mumbai,"Wankhede Stadium, Mumbai",Mumbai Indians,Chennai Super Kings,Chennai Super Kings,field,Chennai Super Kings,0.0,win,,7.0,RA Jadeja,6,20,T20,T20,male,club,3,129,129,129.0,348.0
1359487,2023,2023,2023-04-09,13.0,Indian Premier League,Ahmedabad,"Narendra Modi Stadium, Ahmedabad",Gujarat Titans,Kolkata Knight Riders,Gujarat Titans,bat,Kolkata Knight Riders,0.0,win,,3.0,RK Singh,6,20,T20,T20,male,club,615,6,615,6.0,1436.0
1359488,2023,2023,2023-04-09,14.0,Indian Premier League,Hyderabad,"Rajiv Gandhi International Stadium, Uppal, Hyderabad",Punjab Kings,Sunrisers Hyderabad,Sunrisers Hyderabad,field,Sunrisers Hyderabad,0.0,win,,8.0,S Dhawan,6,20,T20,T20,male,club,494,2,2,2.0,13.0
1359489,2023,2023,2023-04-10,15.0,Indian Premier League,Bengaluru,"M Chinnaswamy Stadium, Bengaluru",Royal Challengers Bangalore,Lucknow Super Giants,Lucknow Super Giants,field,Lucknow Super Giants,0.0,win,,1.0,N Pooran,6,20,T20,T20,male,club,1,614,614,614.0,2766.0
1359490,2023,2023,2023-04-11,16.0,Indian Premier League,Delhi,"Arun Jaitley Stadium, Delhi",Delhi Capitals,Mumbai Indians,Mumbai Indians,field,Mumbai Indians,0.0,win,,6.0,RG Sharma,6,20,T20,T20,male,club,252,3,3,3.0,25.0
1359491,2023,2023,2023-04-12,17.0,Indian Premier League,Chennai,"MA Chidambaram Stadium, Chepauk, Chennai",Rajasthan Royals,Chennai Super Kings,Chennai Super Kings,field,Rajasthan Royals,1.0,win,3.0,,R Ashwin,6,20,T20,T20,male,club,134,129,129,134.0,1416.0
1359492,2023,2023,2023-04-13,18.0,Indian Premier League,Chandigarh,"Punjab Cricket Association IS Bindra Stadium, Mohali",Punjab Kings,Gujarat Titans,Gujarat Titans,field,Gujarat Titans,0.0,win,,6.0,MM Sharma,6,20,T20,T20,male,club,494,615,615,615.0,75.0
1359493,2023,2023,2023-04-14,19.0,Indian Premier League,Kolkata,"Eden Gardens, Kolkata",Sunrisers Hyderabad,Kolkata Knight Riders,Kolkata Knight Riders,field,Sunrisers Hyderabad,1.0,win,23.0,,HC Brook,6,20,T20,T20,male,club,2,6,6,2.0,8372.0
1359494,2023,2023,2023-04-15,20.0,Indian Premier League,Bengaluru,"M Chinnaswamy Stadium, Bengaluru",Royal Challengers Bangalore,Delhi Capitals,Delhi Capitals,field,Royal Challengers Bangalore,1.0,win,23.0,,V Kohli,6,20,T20,T20,male,club,1,252,252,1.0,332.0
1359495,2023,2023,2023-04-15,21.0,Indian Premier League,Lucknow,"Bharat Ratna Shri Atal Bihari Vajpayee Ekana Cricket Stadium, Lucknow",Lucknow Super Giants,Punjab Kings,Punjab Kings,field,Punjab Kings,0.0,win,,2.0,Sikandar Raza,6,20,T20,T20,male,club,614,494,494,494.0,8312.0
1359496,2023,2023,2023-04-16,22.0,Indian Premier League,Mumbai,"Wankhede Stadium, Mumbai",Kolkata Knight Riders,Mumbai Indians,Mumbai Indians,field,Mumbai Indians,0.0,win,,5.0,VR Iyer,6,20,T20,T20,male,club,6,3,3,3.0,5986.0
1359497,2023,2023,2023-04-16,23.0,Indian Premier League,Ahmedabad,"Narendra Modi Stadium, Ahmedabad",Gujarat Titans,Rajasthan Royals,Rajasthan Royals,field,Rajasthan Royals,0.0,win,,3.0,SO Hetmyer,6,20,T20,T20,male,club,615,134,134,134.0,2700.0
1359498,2023,2023,2023-04-17,24.0,Indian Premier League,Bengaluru,"M Chinnaswamy Stadium, Bengaluru",Chennai Super Kings,Royal Challengers Bangalore,Royal Challengers Bangalore,field,Chennai Super Kings,1.0,win,8.0,,DP Conway,6,20,T20,T20,male,club,129,1,1,129.0,6657.0
1359499,2023,2023,2023-04-18,25.0,Indian Premier League,Hyderabad,"Rajiv Gandhi International Stadium, Uppal, Hyderabad",Mumbai Indians,Sunrisers Hyderabad,Sunrisers Hyderabad,field,Mumbai Indians,1.0,win,14.0,,C Green,6,20,T20,T20,male,club,3,2,2,3.0,8383.0
1359500,2023,2023,2023-04-19,26.0,Indian Premier League,Jaipur,"Sawai Mansingh Stadium, Jaipur",Lucknow Super Giants,Rajasthan Royals,Rajasthan Royals,field,Lucknow Super Giants,1.0,win,10.0,,MP Stoinis,6,20,T20,T20,male,club,614,134,134,614.0,73.0
1359501,2023,2023,2023-04-20,27.0,Indian Premier League,Chandigarh,"Punjab Cricket Association IS Bindra Stadium, Mohali",Royal Challengers Bangalore,Punjab Kings,Punjab Kings,field,Royal Challengers Bangalore,1.0,win,24.0,,Mohammed Siraj,6,20,T20,T20,male,club,1,494,494,1.0,538.0
1359502,2023,2023,2023-04-20,28.0,Indian Premier League,Delhi,"Arun Jaitley Stadium, Delhi",Kolkata Knight Riders,Delhi Capitals,Delhi Capitals,field,Delhi Capitals,0.0,win,,4.0,I Sharma,6,20,T20,T20,male,club,6,252,252,252.0,308.0
1359503,2023,2023,2023-04-21,29.0,Indian Premier League,Chennai,"MA Chidambaram Stadium, Chepauk, Chennai",Sunrisers Hyderabad,Chennai Super Kings,Chennai Super Kings,field,Chennai Super Kings,0.0,win,,7.0,RA Jadeja,6,20,T20,T20,male,club,2,129,129,129.0,348.0
1359504,2023,2023,2023-04-22,30.0,Indian Premier League,Lucknow,"Bharat Ratna Shri Atal Bihari Vajpayee Ekana Cricket Stadium, Lucknow",Gujarat Titans,Lucknow Super Giants,Gujarat Titans,bat,Gujarat Titans,1.0,win,7.0,,MM Sharma,6,20,T20,T20,male,club,615,614,615,615.0,75.0
1359505,2023,2023,2023-04-22,31.0,Indian Premier League,Mumbai,"Wankhede Stadium, Mumbai",Punjab Kings,Mumbai Indians,Mumbai Indians,field,Punjab Kings,1.0,win,13.0,,SM Curran,6,20,T20,T20,male,club,494,3,3,494.0,2768.0
1359506,2023,2023,2023-04-23,32.0,Indian Premier League,Bengaluru,"M Chinnaswamy Stadium, Bengaluru",Royal Challengers Bangalore,Rajasthan Royals,Rajasthan Royals,field,Royal Challengers Bangalore,1.0,win,7.0,,GJ Maxwell,6,20,T20,T20,male,club,1,134,134,1.0,71.0
1359507,2023,2023,2023-04-23,33.0,Indian Premier League,Kolkata,"Eden Gardens, Kolkata",Chennai Super Kings,Kolkata Knight Riders,Kolkata Knight Riders,field,Chennai Super Kings,1.0,win,49.0,,AM Rahane,6,20,T20,T20,male,club,129,6,6,129.0,34.0
1359508,2023,2023,2023-04-24,34.0,Indian Premier League,Hyderabad,"Rajiv Gandhi International Stadium, Uppal, Hyderabad",Delhi Capitals,Sunrisers Hyderabad,Delhi Capitals,bat,Delhi Capitals,1.0,win,7.0,,AR Patel,6,20,T20,T20,male,club,252,2,252,252.0,70.0
1359509,2023,2023,2023-04-25,35.0,Indian Premier League,Ahmedabad,"Narendra Modi Stadium, Ahmedabad",Gujarat Titans,Mumbai Indians,Mumbai Indians,field,Gujarat Titans,1.0,win,55.0,,A Manohar,6,20,T20,T20,male,club,615,3,3,615.0,6739.0
1359510,2023,2023,2023-04-26,36.0,Indian Premier League,Bengaluru,"M Chinnaswamy Stadium, Bengaluru",Kolkata Knight Riders,Royal Challengers Bangalore,Royal Challengers Bangalore,field,Kolkata Knight Riders,1.0,win,21.0,,CV Varun,6,20,T20,T20,male,club,6,1,1,6.0,2825.0
1359511,2023,2023,2023-04-27,37.0,Indian Premier League,Jaipur,"Sawai Mansingh Stadium, Jaipur",Rajasthan Royals,Chennai Super Kings,Rajasthan Royals,bat,Rajasthan Royals,1.0,win,32.0,,YBK Jaiswal,6,20,T20,T20,male,club,134,129,134,134.0,4104.0
1359512,2023,2023,2023-04-28,38.0,Indian Premier League,Chandigarh,"Punjab Cricket Association IS Bindra Stadium, Mohali",Lucknow Super Giants,Punjab Kings,Punjab Kings,field,Lucknow Super Giants,1.0,win,56.0,,MP Stoinis,6,20,T20,T20,male,club,614,494,494,614.0,73.0
1359513,2023,2023,2023-04-29,39.0,Indian Premier League,Kolkata,"Eden Gardens, Kolkata",Kolkata Knight Riders,Gujarat Titans,Gujarat Titans,field,Gujarat Titans,0.0,win,,7.0,J Little,6,20,T20,T20,male,club,6,615,615,615.0,8305.0
1359514,2023,2023,2023-04-29,40.0,Indian Premier League,Delhi,"Arun Jaitley Stadium, Delhi",Sunrisers Hyderabad,Delhi Capitals,Sunrisers Hyderabad,bat,Sunrisers Hyderabad,1.0,win,9.0,,MR Marsh,6,20,T20,T20,male,club,2,252,2,2.0,4960.0
1359515,2023,2023,2023-04-30,41.0,Indian Premier League,Chennai,"MA Chidambaram Stadium, Chepauk, Chennai",Chennai Super Kings,Punjab Kings,Chennai Super Kings,bat,Punjab Kings,0.0,win,,4.0,DP Conway,6,20,T20,T20,male,club,129,494,129,494.0,6657.0
1359516,2023,2023,2023-04-30,42.0,Indian Premier League,Mumbai,"Wankhede Stadium, Mumbai",Rajasthan Royals,Mumbai Indians,Rajasthan Royals,bat,Mumbai Indians,0.0,win,,6.0,YBK Jaiswal,6,20,T20,T20,male,club,134,3,134,3.0,4104.0
1359517,2023,2023,2023-05-01,43.0,Indian Premier League,Lucknow,"Bharat Ratna Shri Atal Bihari Vajpayee Ekana Cricket Stadium, Lucknow",Royal Challengers Bangalore,Lucknow Super Giants,Royal Challengers Bangalore,bat,Royal Challengers Bangalore,1.0,win,18.0,,F du Plessis,6,20,T20,T20,male,club,1,614,1,1.0,267.0
1359518,2023,2023,2023-05-02,44.0,Indian Premier League,Ahmedabad,"Narendra Modi Stadium, Ahmedabad",Delhi Capitals,Gujarat Titans,Delhi Capitals,bat,Delhi Capitals,1.0,win,5.0,,Mohammed Shami,6,20,T20,T20,male,club,252,615,252,252.0,460.0
1359519,2023,2023,2023-05-03,45.0,Indian Premier League,Lucknow,"Bharat Ratna Shri Atal Bihari Vajpayee Ekana Cricket Stadium, Lucknow",Lucknow Super Giants,Chennai Super Kings,Chennai Super Kings,field,,,no result,,,,6,20,T20,T20,male,club,614,129,129,,
1359520,2023,2023,2023-05-03,46.0,Indian Premier League,Chandigarh,"Punjab Cricket Association IS Bindra Stadium, Mohali",Punjab Kings,Mumbai Indians,Mumbai Indians,field,Mumbai Indians,0.0,win,,6.0,Ishan Kishan,6,20,T20,T20,male,club,494,3,3,3.0,347.0
1359521,2023,2023,2023-05-04,47.0,Indian Premier League,Hyderabad,"Rajiv Gandhi International Stadium, Uppal, Hyderabad",Kolkata Knight Riders,Sunrisers Hyderabad,Kolkata Knight Riders,bat,Kolkata Knight Riders,1.0,win,5.0,,CV Varun,6,20,T20,T20,male,club,6,2,6,6.0,2825.0
1359522,2023,2023,2023-05-05,48.0,Indian Premier League,Jaipur,"Sawai Mansingh Stadium, Jaipur",Rajasthan Royals,Gujarat Titans,Rajasthan Royals,bat,Gujarat Titans,0.0,win,,9.0,Rashid Khan,6,20,T20,T20,male,club,134,615,134,615.0,22.0
1359523,2023,2023,2023-05-06,49.0,Indian Premier League,Chennai,"MA Chidambaram Stadium, Chepauk, Chennai",Mumbai Indians,Chennai Super Kings,Chennai Super Kings,field,Chennai Super Kings,0.0,win,,6.0,M Pathirana,6,20,T20,T20,male,club,3,129,129,129.0,8007.0
1359524,2023,2023,2023-05-06,50.0,Indian Premier League,Delhi,"Arun Jaitley Stadium, Delhi",Royal Challengers Bangalore,Delhi Capitals,Royal Challengers Bangalore,bat,Delhi Capitals,0.0,win,,7.0,PD Salt,6,20,T20,T20,male,club,1,252,1,252.0,8945.0
1359525,2023,2023,2023-05-07,51.0,Indian Premier League,Ahmedabad,"Narendra Modi Stadium, Ahmedabad",Gujarat Titans,Lucknow Super Giants,Lucknow Super Giants,field,Gujarat Titans,1.0,win,56.0,,Shubman Gill,6,20,T20,T20,male,club,615,614,614,615.0,1580.0
1359526,2023,2023,2023-05-07,52.0,Indian Premier League,Jaipur,"Sawai Mansingh Stadium, Jaipur",Rajasthan Royals,Sunrisers Hyderabad,Rajasthan Royals,bat,Sunrisers Hyderabad,0.0,win,,4.0,GD Phillips,6,20,T20,T20,male,club,134,2,134,2.0,6033.0
1359527,2023,2023,2023-05-08,53.0,Indian Premier League,Kolkata,"Eden Gardens, Kolkata",Punjab Kings,Kolkata Knight Riders,Punjab Kings,bat,Kolkata Knight Riders,0.0,win,,5.0,AD Russell,6,20,T20,T20,male,club,494,6,494,6.0,1437.0
1359528,2023,2023,2023-05-09,54.0,Indian Premier League,Mumbai,"Wankhede Stadium, Mumbai",Royal Challengers Bangalore,Mumbai Indians,Mumbai Indians,field,Mumbai Indians,0.0,win,,6.0,SA Yadav,6,20,T20,T20,male,club,1,3,3,3.0,61.0
1359529,2023,2023,2023-05-10,55.0,Indian Premier League,Chennai,"MA Chidambaram Stadium, Chepauk, Chennai",Chennai Super Kings,Delhi Capitals,Chennai Super Kings,bat,Chennai Super Kings,1.0,win,27.0,,RA Jadeja,6,20,T20,T20,male,club,129,252,129,129.0,348.0
1359530,2023,2023,2023-05-11,56.0,Indian Premier League,Kolkata,"Eden Gardens, Kolkata",Kolkata Knight Riders,Rajasthan Royals,Rajasthan Royals,field,Rajasthan Royals,0.0,win,,9.0,YBK Jaiswal,6,20,T20,T20,male,club,6,134,134,134.0,4104.0
1359531,2023,2023,2023-05-12,57.0,Indian Premier League,Mumbai,"Wankhede Stadium, Mumbai",Mumbai Indians,Gujarat Titans,Gujarat Titans,field,Mumbai Indians,1.0,win,27.0,,SA Yadav,6,20,T20,T20,male,club,3,615,615,3.0,61.0
1359532,2023,2023,2023-05-13,58.0,Indian Premier League,Hyderabad,"Rajiv Gandhi International Stadium, Uppal, Hyderabad",Sunrisers Hyderabad,Lucknow Super Giants,Sunrisers Hyderabad,bat,Lucknow Super Giants,0.0,win,,7.0,PN Mankad,6,20,T20,T20,male,club,2,614,2,614.0,8191.0
1359533,2023,2023,2023-05-13,59.0,Indian Premier League,Delhi,"Arun Jaitley Stadium, Delhi",Punjab Kings,Delhi Capitals,Delhi Capitals,field,Punjab Kings,1.0,win,31.0,,P Simran Singh,6,20,T20,T20,male,club,494,252,252,494.0,3747.0
1359534,2023,2023,2023-05-14,60.0,Indian Premier League,Jaipur,"Sawai Mansingh Stadium, Jaipur",Royal Challengers Bangalore,Rajasthan Royals,Royal Challengers Bangalore,bat,Royal Challengers Bangalore,1.0,win,112.0,,WD Parnell,6,20,T20,T20,male,club,1,134,1,1.0,8626.0
1359535,2023,2023,2023-05-14,61.0,Indian Premier League,Chennai,"MA Chidambaram Stadium, Chepauk, Chennai",Chennai Super Kings,Kolkata Knight Riders,Chennai Super Kings,bat,Kolkata Knight Riders,0.0,win,,6.0,RK Singh,6,20,T20,T20,male,club,129,6,129,6.0,1436.0
1359536,2023,2023,2023-05-15,62.0,Indian Premier League,Ahmedabad,"Narendra Modi Stadium, Ahmedabad",Gujarat Titans,Sunrisers Hyderabad,Sunrisers Hyderabad,field,Gujarat Titans,1.0,win,34.0,,Shubman Gill,6,20,T20,T20,male,club,615,2,2,615.0,1580.0
1359537,2023,2023,2023-05-16,63.0,Indian Premier League,Lucknow,"Bharat Ratna Shri Atal Bihari Vajpayee Ekana Cricket Stadium, Lucknow",Lucknow Super Giants,Mumbai Indians,Mumbai Indians,field,Lucknow Super Giants,1.0,win,5.0,,MP Stoinis,6,20,T20,T20,male,club,614,3,3,614.0,73.0
1359538,2023,2023,2023-05-17,64.0,Indian Premier League,Dharamsala,"Himachal Pradesh Cricket Association Stadium, Dharamsala",Delhi Capitals,Punjab Kings,Punjab Kings,field,Delhi Capitals,1.0,win,15.0,,RR Rossouw,6,20,T20,T20,male,club,252,494,494,252.0,8349.0
1359539,2023,2023,2023-05-18,65.0,Indian Premier League,Hyderabad,"Rajiv Gandhi International Stadium, Uppal, Hyderabad",Sunrisers Hyderabad,Royal Challengers Bangalore,Royal Challengers Bangalore,field,Royal Challengers Bangalore,0.0,win,,8.0,V Kohli,6,20,T20,T20,male,club,2,1,1,1.0,332.0
1359540,2023,2023,2023-05-19,66.0,Indian Premier League,Dharamsala,"Himachal Pradesh Cricket Association Stadium, Dharamsala",Punjab Kings,Rajasthan Royals,Rajasthan Royals,field,Rajasthan Royals,0.0,win,,4.0,D Padikkal,6,20,T20,T20,male,club,494,134,134,134.0,4071.0
1359541,2023,2023,2023-05-20,67.0,Indian Premier League,Delhi,"Arun Jaitley Stadium, Delhi",Chennai Super Kings,Delhi Capitals,Chennai Super Kings,bat,Chennai Super Kings,1.0,win,77.0,,RD Gaikwad,6,20,T20,T20,male,club,129,252,129,129.0,4119.0
1359542,2023,2023,2023-05-20,68.0,Indian Premier League,Kolkata,"Eden Gardens, Kolkata",Lucknow Super Giants,Kolkata Knight Riders,Kolkata Knight Riders,field,Lucknow Super Giants,1.0,win,1.0,,N Pooran,6,20,T20,T20,male,club,614,6,6,614.0,2766.0
1359543,2023,2023,2023-05-21,69.0,Indian Premier League,Mumbai,"Wankhede Stadium, Mumbai",Sunrisers Hyderabad,Mumbai Indians,Mumbai Indians,field,Mumbai Indians,0.0,win,,8.0,C Green,6,20,T20,T20,male,club,2,3,3,3.0,8383.0
1359544,2023,2023,2023-05-21,70.0,Indian Premier League,Bengaluru,"M Chinnaswamy Stadium, Bengaluru",Royal Challengers Bangalore,Gujarat Titans,Gujarat Titans,field,Gujarat Titans,0.0,win,,6.0,Shubman Gill,6,20,T20,T20,male,club,1,615,615,615.0,1580.0
1370350,2023,2023,2023-05-23,,Indian Premier League,Chennai,"MA Chidambaram Stadium, Chepauk, Chennai",Chennai Super Kings,Gujarat Titans,Gujarat Titans,field,Chennai Super Kings,1.0,win,15.0,,RD Gaikwad,6,20,T20,T20,male,club,129,615,615,129.0,4119.0
1370351,2023,2023,2023-05-24,,Indian Premier League,Chennai,"MA Chidambaram Stadium, Chepauk, Chennai",Mumbai Indians,Lucknow Super Giants,Mumbai Indians,bat,Mumbai Indians,1.0,win,81.0,,Akash Madhwal,6,20,T20,T20,male,club,3,614,3,3.0,9371.0
1370352,2023,2023,2023-05-26,,Indian Premier League,Ahmedabad,"Narendra Modi Stadium, Ahmedabad",Gujarat Titans,Mumbai Indians,Mumbai Indians,field,Gujarat Titans,1.0,win,62.0,,Shubman Gill,6,20,T20,T20,male,club,615,3,3,615.0,1580.0
1370353,2023,2023,2023-05-29,,Indian Premier League,Ahmedabad,"Narendra Modi Stadium, Ahmedabad",Gujarat Titans,Chennai Super Kings,Chennai Super Kings,field,Chennai Super Kings,0.0,win,,5.0,DP Conway,6,20,T20,T20,male,club,615,129,129,129.0,6657.0
1422119,2024,2024,2024-03-22,1.0,Indian Premier League,Chennai,"MA Chidambaram Stadium, Chepauk, Chennai",Royal Challengers Bangalore,Chennai Super Kings,Royal Challengers Bangalore,bat,Chennai Super Kings,0.0,win,,6.0,Mustafizur Rahman,6,20,T20,T20,male,club,1,129,1,129.0,297.0
1422120,2024,2024,2024-03-23,2.0,Indian Premier League,Mohali,"Maharaja Yadavindra Singh International Cricket Stadium, New Chandigarh",Delhi Capitals,Punjab Kings,Punjab Kings,field,Punjab Kings,0.0,win,,4.0,SM Curran,6,20,T20,T20,male,club,252,494,494,494.0,2768.0
1422121,2024,2024,2024-03-23,3.0,Indian Premier League,Kolkata,"Eden Gardens, Kolkata",Kolkata Knight Riders,Sunrisers Hyderabad,Sunrisers Hyderabad,field,Kolkata Knight Riders,1.0,win,4.0,,AD Russell,6,20,T20,T20,male,club,6,2,2,6.0,1437.0
1422122,2024,2024,2024-03-24,4.0,Indian Premier League,Jaipur,"Sawai Mansingh Stadium, Jaipur",Rajasthan Royals,Lucknow Super Giants,Rajasthan Royals,bat,Rajasthan Royals,1.0,win,20.0,,SV Samson,6,20,T20,T20,male,club,134,614,134,134.0,180.0
1422123,2024,2024,2024-03-24,5.0,Indian Premier League,Ahmedabad,"Narendra Modi Stadium, Ahmedabad",Gujarat Titans,Mumbai Indians,Mumbai Indians,field,Gujarat Titans,1.0,win,6.0,,B Sai Sudharsan,6,20,T20,T20,male,club,615,3,3,615.0,6999.0
1422124,2024,2024,2024-03-25,6.0,Indian Premier League,Bengaluru,"M Chinnaswamy Stadium, Bengaluru",Punjab Kings,Royal Challengers Bangalore,Royal Challengers Bangalore,field,Royal Challengers Bangalore,0.0,win,,4.0,V Kohli,6,20,T20,T20,male,club,494,1,1,1.0,332.0
1422125,2024,2024,2024-03-26,7.0,Indian Premier League,Chennai,"MA Chidambaram Stadium, Chepauk, Chennai",Chennai Super Kings,Gujarat Titans,Gujarat Titans,field,Chennai Super Kings,1.0,win,63.0,,S Dube,6,20,T20,T20,male,club,129,615,615,129.0,2701.0
1422126,2024,2024,2024-03-27,8.0,Indian Premier League,Hyderabad,"Rajiv Gandhi International Stadium, Uppal, Hyderabad",Sunrisers Hyderabad,Mumbai Indians,Mumbai Indians,field,Sunrisers Hyderabad,1.0,win,31.0,,Abhishek Sharma,6,20,T20,T20,male,club,2,3,3,2.0,2349.0
1422127,2024,2024,2024-03-28,9.0,Indian Premier League,Jaipur,"Sawai Mansingh Stadium, Jaipur",Rajasthan Royals,Delhi Capitals,Delhi Capitals,field,Rajasthan Royals,1.0,win,12.0,,R Parag,6,20,T20,T20,male,club,134,252,252,134.0,3230.0
1422128,2024,2024,2024-03-29,10.0,Indian Premier League,Bengaluru,"M Chinnaswamy Stadium, Bengaluru",Royal Challengers Bangalore,Kolkata Knight Riders,Kolkata Knight Riders,field,Kolkata Knight Riders,0.0,win,,7.0,SP Narine,6,20,T20,T20,male,club,1,6,6,6.0,65.0
1422129,2024,2024,2024-03-30,11.0,Indian Premier League,Lucknow,"Bharat Ratna Shri Atal Bihari Vajpayee Ekana Cricket Stadium, Lucknow",Lucknow Super Giants,Punjab Kings,Lucknow Super Giants,bat,Lucknow Super Giants,1.0,win,21.0,,MP Yadav,6,20,T20,T20,male,club,614,494,614,614.0,10302.0
1422130,2024,2024,2024-03-31,12.0,Indian Premier League,Ahmedabad,"Narendra Modi Stadium, Ahmedabad",Sunrisers Hyderabad,Gujarat Titans,Sunrisers Hyderabad,bat,Gujarat Titans,0.0,win,,7.0,MM Sharma,6,20,T20,T20,male,club,2,615,2,615.0,75.0
1422131,2024,2024,2024-03-31,13.0,Indian Premier League,Visakhapatnam,"Dr. Y.S. Rajasekhara Reddy ACA-VDCA Cricket Stadium, Visakhapatnam",Delhi Capitals,Chennai Super Kings,Delhi Capitals,bat,Delhi Capitals,1.0,win,20.0,,KK Ahmed,6,20,T20,T20,male,club,252,129,252,252.0,2662.0
1422132,2024,2024,2024-04-01,14.0,Indian Premier League,Mumbai,"Wankhede Stadium, Mumbai",Mumbai Indians,Rajasthan Royals,Rajasthan Royals,field,Rajasthan Royals,0.0,win,,6.0,TA Boult,6,20,T20,T20,male,club,3,134,134,134.0,66.0
1422133,2024,2024,2024-04-02,15.0,Indian Premier League,Bengaluru,"M Chinnaswamy Stadium, Bengaluru",Lucknow Super Giants,Royal Challengers Bangalore,Royal Challengers Bangalore,field,Lucknow Super Giants,1.0,win,28.0,,MP Yadav,6,20,T20,T20,male,club,614,1,1,614.0,10302.0
1422134,2024,2024,2024-04-03,16.0,Indian Premier League,Visakhapatnam,"Dr. Y.S. Rajasekhara Reddy ACA-VDCA Cricket Stadium, Visakhapatnam",Kolkata Knight Riders,Delhi Capitals,Kolkata Knight Riders,bat,Kolkata Knight Riders,1.0,win,106.0,,SP Narine,6,20,T20,T20,male,club,6,252,6,6.0,65.0
1422135,2024,2024,2024-04-04,17.0,Indian Premier League,Ahmedabad,"Narendra Modi Stadium, Ahmedabad",Gujarat Titans,Punjab Kings,Punjab Kings,field,Punjab Kings,0.0,win,,3.0,Shashank Singh,6,20,T20,T20,male,club,615,494,494,494.0,7024.0
1422136,2024,2024,2024-04-05,18.0,Indian Premier League,Hyderabad,"Rajiv Gandhi International Stadium, Uppal, Hyderabad",Chennai Super Kings,Sunrisers Hyderabad,Sunrisers Hyderabad,field,Sunrisers Hyderabad,0.0,win,,6.0,Abhishek Sharma,6,20,T20,T20,male,club,129,2,2,2.0,2349.0
1422137,2024,2024,2024-04-06,19.0,Indian Premier League,Jaipur,"Sawai Mansingh Stadium, Jaipur",Royal Challengers Bangalore,Rajasthan Royals,Rajasthan Royals,field,Rajasthan Royals,0.0,win,,6.0,JC Buttler,6,20,T20,T20,male,club,1,134,134,134.0,24.0
1422138,2024,2024,2024-04-07,20.0,Indian Premier League,Mumbai,"Wankhede Stadium, Mumbai",Mumbai Indians,Delhi Capitals,Delhi Capitals,field,Mumbai Indians,1.0,win,29.0,,R Shepherd,6,20,T20,T20,male,club,3,252,252,3.0,6761.0
1422139,2024,2024,2024-04-07,21.0,Indian Premier League,Lucknow,"Bharat Ratna Shri Atal Bihari Vajpayee Ekana Cricket Stadium, Lucknow",Lucknow Super Giants,Gujarat Titans,Lucknow Super Giants,bat,Lucknow Super Giants,1.0,win,33.0,,Yash Thakur,6,20,T20,T20,male,club,614,615,614,614.0,8425.0
1426260,2024,2024,2024-04-08,22.0,Indian Premier League,Chennai,"MA Chidambaram Stadium, Chepauk, Chennai",Kolkata Knight Riders,Chennai Super Kings,Chennai Super Kings,field,Chennai Super Kings,0.0,win,,7.0,RA Jadeja,6,20,T20,T20,male,club,6,129,129,129.0,348.0
1426261,2024,2024,2024-04-09,23.0,Indian Premier League,Mohali,"Maharaja Yadavindra Singh International Cricket Stadium, New Chandigarh",Sunrisers Hyderabad,Punjab Kings,Punjab Kings,field,Sunrisers Hyderabad,1.0,win,2.0,,Nithish Kumar Reddy,6,20,T20,T20,male,club,2,494,494,2.0,9824.0
1426262,2024,2024,2024-04-10,24.0,Indian Premier League,Jaipur,"Sawai Mansingh Stadium, Jaipur",Rajasthan Royals,Gujarat Titans,Gujarat Titans,field,Gujarat Titans,0.0,win,,3.0,Rashid Khan,6,20,T20,T20,male,club,134,615,615,615.0,22.0
1426263,2024,2024,2024-04-11,25.0,Indian Premier League,Mumbai,"Wankhede Stadium, Mumbai",Royal Challengers Bangalore,Mumbai Indians,Mumbai Indians,field,Mumbai Indians,0.0,win,,7.0,JJ Bumrah,6,20,T20,T20,male,club,1,3,3,3.0,33.0
1426264,2024,2024,2024-04-12,26.0,Indian Premier League,Lucknow,"Bharat Ratna Shri Atal Bihari Vajpayee Ekana Cricket Stadium, Lucknow",Lucknow Super Giants,Delhi Capitals,Lucknow Super Giants,bat,Delhi Capitals,0.0,win,,6.0,Kuldeep Yadav,6,20,T20,T20,male,club,614,252,614,252.0,64.0
1426265,2024,2024,2024-04-13,27.0,Indian Premier League,Mohali,"Maharaja Yadavindra Singh International Cricket Stadium, New Chandigarh",Punjab Kings,Rajasthan Royals,Rajasthan Royals,field,Rajasthan Royals,0.0,win,,3.0,SO Hetmyer,6,20,T20,T20,male,club,494,134,134,134.0,2700.0
1426266,2024,2024,2024-04-14,28.0,Indian Premier League,Kolkata,"Eden Gardens, Kolkata",Lucknow Super Giants,Kolkata Knight Riders,Kolkata Knight Riders,field,Kolkata Knight Riders,0.0,win,,8.0,PD Salt,6,20,T20,T20,male,club,614,6,6,6.0,8945.0
1426267,2024,2024,2024-04-14,29.0,Indian Premier League,Mumbai,"Wankhede Stadium, Mumbai",Chennai Super Kings,Mumbai Indians,Mumbai Indians,field,Chennai Super Kings,1.0,win,20.0,,M Pathirana,6,20,T20,T20,male,club,129,3,3,129.0,8007.0
1426268,2024,2024,2024-04-15,30.0,Indian Premier League,Bengaluru,"M Chinnaswamy Stadium, Bengaluru",Sunrisers Hyderabad,Royal Challengers Bangalore,Royal Challengers Bangalore,field,Sunrisers Hyderabad,1.0,win,25.0,,TM Head,6,20,T20,T20,male,club,2,1,1,2.0,3.0
1426269,2024,2024,2024-04-16,31.0,Indian Premier League,Kolkata,"Eden Gardens, Kolkata",Kolkata Knight Riders,Rajasthan Royals,Rajasthan Royals,field,Rajasthan Royals,0.0,win,,2.0,JC Buttler,6,20,T20,T20,male,club,6,134,134,134.0,24.0
1426270,2024,2024,2024-04-17,32.0,Indian Premier League,Ahmedabad,"Narendra Modi Stadium, Ahmedabad",Gujarat Titans,Delhi Capitals,Delhi Capitals,field,Delhi Capitals,0.0,win,,6.0,RR Pant,6,20,T20,T20,male,club,615,252,252,252.0,181.0
1426271,2024,2024,2024-04-18,33.0,Indian Premier League,Mohali,"Maharaja Yadavindra Singh International Cricket Stadium, New Chandigarh",Mumbai Indians,Punjab Kings,Punjab Kings,field,Mumbai Indians,1.0,win,9.0,,JJ Bumrah,6,20,T20,T20,male,club,3,494,494,3.0,33.0
1426272,2024,2024,2024-04-19,34.0,Indian Premier League,Lucknow,"Bharat Ratna Shri Atal Bihari Vajpayee Ekana Cricket Stadium, Lucknow",Chennai Super Kings,Lucknow Super Giants,Lucknow Super Giants,field,Lucknow Super Giants,0.0,win,,8.0,KL Rahul,6,20,T20,T20,male,club,129,614,614,614.0,1409.0
1426273,2024,2024,2024-04-20,35.0,Indian Premier League,Delhi,"Arun Jaitley Stadium, Delhi",Sunrisers Hyderabad,Delhi Capitals,Delhi Capitals,field,Sunrisers Hyderabad,1.0,win,67.0,,TM Head,6,20,T20,T20,male,club,2,252,252,2.0,3.0
1426274,2024,2024,2024-04-21,36.0,Indian Premier League,Kolkata,"Eden Gardens, Kolkata",Kolkata Knight Riders,Royal Challengers Bangalore,Royal Challengers Bangalore,field,Kolkata Knight Riders,1.0,win,1.0,,AD Russell,6,20,T20,T20,male,club,6,1,1,6.0,1437.0
1426275,2024,2024,2024-04-21,37.0,Indian Premier League,Mohali,"Maharaja Yadavindra Singh International Cricket Stadium, New Chandigarh",Punjab Kings,Gujarat Titans,Punjab Kings,bat,Gujarat Titans,0.0,win,,3.0,R Sai Kishore,6,20,T20,T20,male,club,494,615,494,615.0,7895.0
1426276,2024,2024,2024-04-22,38.0,Indian Premier League,Jaipur,"Sawai Mansingh Stadium, Jaipur",Mumbai Indians,Rajasthan Royals,Mumbai Indians,bat,Rajasthan Royals,0.0,win,,9.0,Sandeep Sharma,6,20,T20,T20,male,club,3,134,3,134.0,76.0
1426277,2024,2024,2024-04-23,39.0,Indian Premier League,Chennai,"MA Chidambaram Stadium, Chepauk, Chennai",Chennai Super Kings,Lucknow Super Giants,Lucknow Super Giants,field,Lucknow Super Giants,0.0,win,,6.0,MP Stoinis,6,20,T20,T20,male,club,129,614,614,614.0,73.0
1426278,2024,2024,2024-04-24,40.0,Indian Premier League,Delhi,"Arun Jaitley Stadium, Delhi",Delhi Capitals,Gujarat Titans,Gujarat Titans,field,Delhi Capitals,1.0,win,4.0,,RR Pant,6,20,T20,T20,male,club,252,615,615,252.0,181.0
1426279,2024,2024,2024-04-25,41.0,Indian Premier League,Hyderabad,"Rajiv Gandhi International Stadium, Uppal, Hyderabad",Royal Challengers Bangalore,Sunrisers Hyderabad,Royal Challengers Bangalore,bat,Royal Challengers Bangalore,1.0,win,35.0,,RM Patidar,6,20,T20,T20,male,club,1,2,1,1.0,5349.0
1426280,2024,2024,2024-04-26,42.0,Indian Premier League,Kolkata,"Eden Gardens, Kolkata",Kolkata Knight Riders,Punjab Kings,Punjab Kings,field,Punjab Kings,0.0,win,,8.0,JM Bairstow,6,20,T20,T20,male,club,6,494,494,494.0,2719.0
1426281,2024,2024,2024-04-27,43.0,Indian Premier League,Delhi,"Arun Jaitley Stadium, Delhi",Delhi Capitals,Mumbai Indians,Mumbai Indians,field,Delhi Capitals,1.0,win,10.0,,J Fraser-McGurk,6,20,T20,T20,male,club,252,3,3,252.0,10667.0
1426282,2024,2024,2024-04-27,44.0,Indian Premier League,Lucknow,"Bharat Ratna Shri Atal Bihari Vajpayee Ekana Cricket Stadium, Lucknow",Lucknow Super Giants,Rajasthan Royals,Rajasthan Royals,field,Rajasthan Royals,0.0,win,,7.0,SV Samson,6,20,T20,T20,male,club,614,134,134,134.0,180.0
1426283,2024,2024,2024-04-28,45.0,Indian Premier League,Ahmedabad,"Narendra Modi Stadium, Ahmedabad",Gujarat Titans,Royal Challengers Bangalore,Royal Challengers Bangalore,field,Royal Challengers Bangalore,0.0,win,,9.0,WG Jacks,6,20,T20,T20,male,club,615,1,1,1.0,10630.0
1426284,2024,2024,2024-04-28,46.0,Indian Premier League,Chennai,"MA Chidambaram Stadium, Chepauk, Chennai",Chennai Super Kings,Sunrisers Hyderabad,Sunrisers Hyderabad,field,Chennai Super Kings,1.0,win,78.0,,RD Gaikwad,6,20,T20,T20,male,club,129,2,2,129.0,4119.0
1426285,2024,2024,2024-04-29,47.0,Indian Premier League,Kolkata,"Eden Gardens, Kolkata",Delhi Capitals,Kolkata Knight Riders,Delhi Capitals,bat,Kolkata Knight Riders,0.0,win,,7.0,CV Varun,6,20,T20,T20,male,club,252,6,252,6.0,2825.0
1426286,2024,2024,2024-04-30,48.0,Indian Premier League,Lucknow,"Bharat Ratna Shri Atal Bihari Vajpayee Ekana Cricket Stadium, Lucknow",Mumbai Indians,Lucknow Super Giants,Lucknow Super Giants,field,Lucknow Super Giants,0.0,win,,4.0,MP Stoinis,6,20,T20,T20,male,club,3,614,614,614.0,73.0
1426287,2024,2024,2024-05-01,49.0,Indian Premier League,Chennai,"MA Chidambaram Stadium, Chepauk, Chennai",Chennai Super Kings,Punjab Kings,Punjab Kings,field,Punjab Kings,0.0,win,,7.0,Harpreet Brar,6,20,T20,T20,male,club,129,494,494,494.0,3495.0
1426288,2024,2024,2024-05-02,50.0,Indian Premier League,Hyderabad,"Rajiv Gandhi International Stadium, Uppal, Hyderabad",Sunrisers Hyderabad,Rajasthan Royals,Sunrisers Hyderabad,bat,Sunrisers Hyderabad,1.0,win,1.0,,B Kumar,6,20,T20,T20,male,club,2,134,2,2.0,20.0
1426289,2024,2024,2024-05-03,51.0,Indian Premier League,Mumbai,"Wankhede Stadium, Mumbai",Kolkata Knight Riders,Mumbai Indians,Mumbai Indians,field,Kolkata Knight Riders,1.0,win,24.0,,VR Iyer,6,20,T20,T20,male,club,6,3,3,6.0,5986.0
1426290,2024,2024,2024-05-04,52.0,Indian Premier League,Bengaluru,"M Chinnaswamy Stadium, Bengaluru",Gujarat Titans,Royal Challengers Bangalore,Royal Challengers Bangalore,field,Royal Challengers Bangalore,0.0,win,,4.0,Mohammed Siraj,6,20,T20,T20,male,club,615,1,1,1.0,538.0
1426291,2024,2024,2024-05-05,53.0,Indian Premier League,Dharamsala,"Himachal Pradesh Cricket Association Stadium, Dharamsala",Chennai Super Kings,Punjab Kings,Punjab Kings,field,Chennai Super Kings,1.0,win,28.0,,RA Jadeja,6,20,T20,T20,male,club,129,494,494,129.0,348.0
1426292,2024,2024,2024-05-05,54.0,Indian Premier League,Lucknow,"Bharat Ratna Shri Atal Bihari Vajpayee Ekana Cricket Stadium, Lucknow",Kolkata Knight Riders,Lucknow Super Giants,Lucknow Super Giants,field,Kolkata Knight Riders,1.0,win,98.0,,SP Narine,6,20,T20,T20,male,club,6,614,614,6.0,65.0
1426293,2024,2024,2024-05-06,55.0,Indian Premier League,Mumbai,"Wankhede Stadium, Mumbai",Sunrisers Hyderabad,Mumbai Indians,Mumbai Indians,field,Mumbai Indians,0.0,win,,7.0,SA Yadav,6,20,T20,T20,male,club,2,3,3,3.0,61.0
1426294,2024,2024,2024-05-07,56.0,Indian Premier League,Delhi,"Arun Jaitley Stadium, Delhi",Delhi Capitals,Rajasthan Royals,Rajasthan Royals,field,Delhi Capitals,1.0,win,20.0,,Kuldeep Yadav,6,20,T20,T20,male,club,252,134,134,252.0,64.0
1426295,2024,2024,2024-05-08,57.0,Indian Premier League,Hyderabad,"Rajiv Gandhi International Stadium, Uppal, Hyderabad",Lucknow Super Giants,Sunrisers Hyderabad,Lucknow Super Giants,bat,Sunrisers Hyderabad,0.0,win,,10.0,TM Head,6,20,T20,T20,male,club,614,2,614,2.0,3.0
1426296,2024,2024,2024-05-09,58.0,Indian Premier League,Dharamsala,"Himachal Pradesh Cricket Association Stadium, Dharamsala",Royal Challengers Bangalore,Punjab Kings,Punjab Kings,field,Royal Challengers Bangalore,1.0,win,60.0,,V Kohli,6,20,T20,T20,male,club,1,494,494,1.0,332.0
1426297,2024,2024,2024-05-10,59.0,Indian Premier League,Ahmedabad,"Narendra Modi Stadium, Ahmedabad",Gujarat Titans,Chennai Super Kings,Chennai Super Kings,field,Gujarat Titans,1.0,win,35.0,,Shubman Gill,6,20,T20,T20,male,club,615,129,129,615.0,1580.0
1426298,2024,2024,2024-05-11,60.0,Indian Premier League,Kolkata,"Eden Gardens, Kolkata",Kolkata Knight Riders,Mumbai Indians,Mumbai Indians,field,Kolkata Knight Riders,1.0,win,18.0,,CV Varun,6,20,T20,T20,male,club,6,3,3,6.0,2825.0
1426299,2024,2024,2024-05-12,61.0,Indian Premier League,Chennai,"MA Chidambaram Stadium, Chepauk, Chennai",Rajasthan Royals,Chennai Super Kings,Rajasthan Royals,bat,Chennai Super Kings,0.0,win,,5.0,Simarjeet Singh,6,20,T20,T20,male,club,134,129,134,129.0,7652.0
1426300,2024,2024,2024-05-12,62.0,Indian Premier League,Bengaluru,"M Chinnaswamy Stadium, Bengaluru",Royal Challengers Bangalore,Delhi Capitals,Delhi Capitals,field,Royal Challengers Bangalore,1.0,win,47.0,,C Green,6,20,T20,T20,male,club,1,252,252,1.0,8383.0
1426302,2024,2024,2024-05-14,64.0,Indian Premier League,Delhi,"Arun Jaitley Stadium, Delhi",Delhi Capitals,Lucknow Super Giants,Lucknow Super Giants,field,Delhi Capitals,1.0,win,19.0,,I Sharma,6,20,T20,T20,male,club,252,614,614,252.0,308.0
1426303,2024,2024,2024-05-15,65.0,Indian Premier League,Guwahati,"Barsapara Cricket Stadium, Guwahati",Rajasthan Royals,Punjab Kings,Rajasthan Royals,bat,Punjab Kings,0.0,win,,5.0,SM Curran,6,20,T20,T20,male,club,134,494,134,494.0,2768.0
1426305,2024,2024,2024-05-17,67.0,Indian Premier League,Mumbai,"Wankhede Stadium, Mumbai",Lucknow Super Giants,Mumbai Indians,Mumbai Indians,field,Lucknow Super Giants,1.0,win,18.0,,N Pooran,6,20,T20,T20,male,club,614,3,3,614.0,2766.0
1426306,2024,2024,2024-05-18,68.0,Indian Premier League,Bengaluru,"M Chinnaswamy Stadium, Bengaluru",Royal Challengers Bangalore,Chennai Super Kings,Chennai Super Kings,field,Royal Challengers Bangalore,1.0,win,27.0,,F du Plessis,6,20,T20,T20,male,club,1,129,129,1.0,267.0
1426307,2024,2024,2024-05-19,69.0,Indian Premier League,Hyderabad,"Rajiv Gandhi International Stadium, Uppal, Hyderabad",Punjab Kings,Sunrisers Hyderabad,Punjab Kings,bat,Sunrisers Hyderabad,0.0,win,,4.0,Abhishek Sharma,6,20,T20,T20,male,club,494,2,494,2.0,2349.0
1426309,2024,2024,2024-05-21,,Indian Premier League,Ahmedabad,"Narendra Modi Stadium, Ahmedabad",Sunrisers Hyderabad,Kolkata Knight Riders,Sunrisers Hyderabad,bat,Kolkata Knight Riders,0.0,win,,8.0,MA Starc,6,20,T20,T20,male,club,2,6,2,6.0,10109.0
1426310,2024,2024,2024-05-22,,Indian Premier League,Ahmedabad,"Narendra Modi Stadium, Ahmedabad",Royal Challengers Bangalore,Rajasthan Royals,Rajasthan Royals,field,Rajasthan Royals,0.0,win,,4.0,R Ashwin,6,20,T20,T20,male,club,1,134,134,134.0,1416.0
1426311,2024,2024,2024-05-24,,Indian Premier League,Chennai,"MA Chidambaram Stadium, Chepauk, Chennai",Sunrisers Hyderabad,Rajasthan Royals,Rajasthan Royals,field,Sunrisers Hyderabad,1.0,win,36.0,,Shahbaz Ahmed,6,20,T20,T20,male,club,2,134,134,2.0,4310.0
1426312,2024,2024,2024-05-26,,Indian Premier League,Chennai,"MA Chidambaram Stadium, Chepauk, Chennai",Sunrisers Hyderabad,Kolkata Knight Riders,Sunrisers Hyderabad,bat,Kolkata Knight Riders,0.0,win,,8.0,MA Starc,6,20,T20,T20,male,club,2,6,2,6.0,10109.0
1473438,2025,2025,2025-03-22,1.0,Indian Premier League,Kolkata,"Eden Gardens, Kolkata",Kolkata Knight Riders,Royal Challengers Bangalore,Royal Challengers Bangalore,field,Royal Challengers Bangalore,0.0,win,,7.0,KH Pandya,6,20,T20,T20,male,club,6,1,1,1.0,28.0
1473439,2025,2025,2025-03-23,2.0,Indian Premier League,Hyderabad,"Rajiv Gandhi International Stadium, Uppal, Hyderabad",Sunrisers Hyderabad,Rajasthan Royals,Rajasthan Royals,field,Sunrisers Hyderabad,1.0,win,44.0,,Ishan Kishan,6,20,T20,T20,male,club,2,134,134,2.0,347.0
1473440,2025,2025,2025-03-23,3.0,Indian Premier League,Chennai,"MA Chidambaram Stadium, Chepauk, Chennai",Mumbai Indians,Chennai Super Kings,Chennai Super Kings,field,Chennai Super Kings,0.0,win,,4.0,Noor Ahmad,6,20,T20,T20,male,club,3,129,129,129.0,8809.0
1473441,2025,2025,2025-03-24,4.0,Indian Premier League,Visakhapatnam,"Dr. Y.S. Rajasekhara Reddy ACA-VDCA Cricket Stadium, Visakhapatnam",Lucknow Super Giants,Delhi Capitals,Delhi Capitals,field,Delhi Capitals,0.0,win,,1.0,Ashutosh Sharma,6,20,T20,T20,male,club,614,252,252,252.0,10456.0
1473442,2025,2025,2025-03-25,5.0,Indian Premier League,Ahmedabad,"Narendra Modi Stadium, Ahmedabad",Punjab Kings,Gujarat Titans,Gujarat Titans,field,Punjab Kings,1.0,win,11.0,,SS Iyer,6,20,T20,T20,male,club,494,615,615,494.0,389.0
1473443,2025,2025,2025-03-26,6.0,Indian Premier League,Guwahati,"Barsapara Cricket Stadium, Guwahati",Rajasthan Royals,Kolkata Knight Riders,Kolkata Knight Riders,field,Kolkata Knight Riders,0.0,win,,8.0,Q de Kock,6,20,T20,T20,male,club,134,6,6,6.0,1421.0
1473444,2025,2025,2025-03-27,7.0,Indian Premier League,Hyderabad,"Rajiv Gandhi International Stadium, Uppal, Hyderabad",Sunrisers Hyderabad,Lucknow Super Giants,Lucknow Super Giants,field,Lucknow Super Giants,0.0,win,,5.0,SN Thakur,6,20,T20,T20,male,club,2,614,614,614.0,360.0
1473445,2025,2025,2025-03-28,8.0,Indian Premier League,Chennai,"MA Chidambaram Stadium, Chepauk, Chennai",Royal Challengers Bangalore,Chennai Super Kings,Chennai Super Kings,field,Royal Challengers Bangalore,1.0,win,50.0,,RM Patidar,6,20,T20,T20,male,club,1,129,129,1.0,5349.0
1473446,2025,2025,2025-03-29,9.0,Indian Premier League,Ahmedabad,"Narendra Modi Stadium, Ahmedabad",Gujarat Titans,Mumbai Indians,Mumbai Indians,field,Gujarat Titans,1.0,win,36.0,,M Prasidh Krishna,6,20,T20,T20,male,club,615,3,3,615.0,2188.0
1473447,2025,2025,2025-03-30,10.0,Indian Premier League,Visakhapatnam,"Dr. Y.S. Rajasekhara Reddy ACA-VDCA Cricket Stadium, Visakhapatnam",Sunrisers Hyderabad,Delhi Capitals,Sunrisers Hyderabad,bat,Delhi Capitals,0.0,win,,7.0,MA Starc,6,20,T20,T20,male,club,2,252,2,252.0,10109.0
1473448,2025,2025,2025-03-30,11.0,Indian Premier League,Guwahati,"Barsapara Cricket Stadium, Guwahati",Rajasthan Royals,Chennai Super Kings,Chennai Super Kings,field,Rajasthan Royals,1.0,win,6.0,,N Rana,6,20,T20,T20,male,club,134,129,129,134.0,26.0
1473449,2025,2025,2025-03-31,12.0,Indian Premier League,Mumbai,"Wankhede Stadium, Mumbai",Kolkata Knight Riders,Mumbai Indians,Mumbai Indians,field,Mumbai Indians,0.0,win,,8.0,Ashwani Kumar,6,20,T20,T20,male,club,6,3,3,3.0,41785.0
1473450,2025,2025,2025-04-01,13.0,Indian Premier League,Lucknow,"Bharat Ratna Shri Atal Bihari Vajpayee Ekana Cricket Stadium, Lucknow",Lucknow Super Giants,Punjab Kings,Punjab Kings,field,Punjab Kings,0.0,win,,8.0,P Simran Singh,6,20,T20,T20,male,club,614,494,494,494.0,3747.0
1473451,2025,2025,2025-04-02,14.0,Indian Premier League,Bengaluru,"M Chinnaswamy Stadium, Bengaluru",Royal Challengers Bangalore,Gujarat Titans,Gujarat Titans,field,Gujarat Titans,0.0,win,,8.0,Mohammed Siraj,6,20,T20,T20,male,club,1,615,615,615.0,538.0
1473452,2025,2025,2025-04-03,15.0,Indian Premier League,Kolkata,"Eden Gardens, Kolkata",Kolkata Knight Riders,Sunrisers Hyderabad,Sunrisers Hyderabad,field,Kolkata Knight Riders,1.0,win,80.0,,VG Arora,6,20,T20,T20,male,club,6,2,2,6.0,6885.0
1473453,2025,2025,2025-04-04,16.0,Indian Premier League,Lucknow,"Bharat Ratna Shri Atal Bihari Vajpayee Ekana Cricket Stadium, Lucknow",Lucknow Super Giants,Mumbai Indians,Mumbai Indians,field,Lucknow Super Giants,1.0,win,12.0,,DS Rathi,6,20,T20,T20,male,club,614,3,3,614.0,11833.0
1473454,2025,2025,2025-04-05,17.0,Indian Premier League,Chennai,"MA Chidambaram Stadium, Chepauk, Chennai",Delhi Capitals,Chennai Super Kings,Delhi Capitals,bat,Delhi Capitals,1.0,win,25.0,,KL Rahul,6,20,T20,T20,male,club,252,129,252,252.0,1409.0
1473455,2025,2025,2025-04-05,18.0,Indian Premier League,Mohali,"Maharaja Yadavindra Singh International Cricket Stadium, New Chandigarh",Rajasthan Royals,Punjab Kings,Punjab Kings,field,Rajasthan Royals,1.0,win,50.0,,JC Archer,6,20,T20,T20,male,club,134,494,494,134.0,1833.0
1473457,2025,2025,2025-04-06,19.0,Indian Premier League,Hyderabad,"Rajiv Gandhi International Stadium, Uppal, Hyderabad",Sunrisers Hyderabad,Gujarat Titans,Gujarat Titans,field,Gujarat Titans,0.0,win,,7.0,Mohammed Siraj,6,20,T20,T20,male,club,2,615,615,615.0,538.0
1473458,2025,2025,2025-04-07,20.0,Indian Premier League,Mumbai,"Wankhede Stadium, Mumbai",Royal Challengers Bangalore,Mumbai Indians,Mumbai Indians,field,Royal Challengers Bangalore,1.0,win,12.0,,RM Patidar,6,20,T20,T20,male,club,1,3,3,1.0,5349.0
1473456,2025,2025,2025-04-08,21.0,Indian Premier League,Kolkata,"Eden Gardens, Kolkata",Lucknow Super Giants,Kolkata Knight Riders,Kolkata Knight Riders,field,Lucknow Super Giants,1.0,win,4.0,,N Pooran,6,20,T20,T20,male,club,614,6,6,614.0,2766.0
1473459,2025,2025,2025-04-08,22.0,Indian Premier League,Mohali,"Maharaja Yadavindra Singh International Cricket Stadium, New Chandigarh",Punjab Kings,Chennai Super Kings,Punjab Kings,bat,Punjab Kings,1.0,win,18.0,,Priyansh Arya,6,20,T20,T20,male,club,494,129,494,494.0,11847.0
1473460,2025,2025,2025-04-09,23.0,Indian Premier League,Ahmedabad,"Narendra Modi Stadium, Ahmedabad",Gujarat Titans,Rajasthan Royals,Rajasthan Royals,field,Gujarat Titans,1.0,win,58.0,,B Sai Sudharsan,6,20,T20,T20,male,club,615,134,134,615.0,6999.0
1473461,2025,2025,2025-04-10,24.0,Indian Premier League,Bengaluru,"M Chinnaswamy Stadium, Bengaluru",Royal Challengers Bangalore,Delhi Capitals,Delhi Capitals,field,Delhi Capitals,0.0,win,,6.0,KL Rahul,6,20,T20,T20,male,club,1,252,252,252.0,1409.0
1473462,2025,2025,2025-04-11,25.0,Indian Premier League,Chennai,"MA Chidambaram Stadium, Chepauk, Chennai",Chennai Super Kings,Kolkata Knight Riders,Kolkata Knight Riders,field,Kolkata Knight Riders,0.0,win,,8.0,SP Narine,6,20,T20,T20,male,club,129,6,6,6.0,65.0
1473463,2025,2025,2025-04-12,26.0,Indian Premier League,Lucknow,"Bharat Ratna Shri Atal Bihari Vajpayee Ekana Cricket Stadium, Lucknow",Gujarat Titans,Lucknow Super Giants,Lucknow Super Giants,field,Lucknow Super Giants,0.0,win,,6.0,AK Markram,6,20,T20,T20,male,club,615,614,614,614.0,6054.0
1473464,2025,2025,2025-04-12,27.0,Indian Premier League,Hyderabad,"Rajiv Gandhi International Stadium, Uppal, Hyderabad",Punjab Kings,Sunrisers Hyderabad,Punjab Kings,bat,Sunrisers Hyderabad,0.0,win,,8.0,Abhishek Sharma,6,20,T20,T20,male,club,494,2,494,2.0,2349.0
1473465,2025,2025,2025-04-13,28.0,Indian Premier League,Jaipur,"Sawai Mansingh Stadium, Jaipur",Rajasthan Royals,Royal Challengers Bangalore,Royal Challengers Bangalore,field,Royal Challengers Bangalore,0.0,win,,9.0,PD Salt,6,20,T20,T20,male,club,134,1,1,1.0,8945.0
1473466,2025,2025,2025-04-13,29.0,Indian Premier League,Delhi,"Arun Jaitley Stadium, Delhi",Mumbai Indians,Delhi Capitals,Delhi Capitals,field,Mumbai Indians,1.0,win,12.0,,KV Sharma,6,20,T20,T20,male,club,3,252,252,3.0,676.0
1473467,2025,2025,2025-04-14,30.0,Indian Premier League,Lucknow,"Bharat Ratna Shri Atal Bihari Vajpayee Ekana Cricket Stadium, Lucknow",Lucknow Super Giants,Chennai Super Kings,Chennai Super Kings,field,Chennai Super Kings,0.0,win,,5.0,MS Dhoni,6,20,T20,T20,male,club,614,129,129,129.0,38.0
1473468,2025,2025,2025-04-15,31.0,Indian Premier League,Mohali,"Maharaja Yadavindra Singh International Cricket Stadium, New Chandigarh",Punjab Kings,Kolkata Knight Riders,Punjab Kings,bat,Punjab Kings,1.0,win,16.0,,YS Chahal,6,20,T20,T20,male,club,494,6,494,494.0,10.0
1473469,2025,2025,2025-04-16,32.0,Indian Premier League,Delhi,"Arun Jaitley Stadium, Delhi",Delhi Capitals,Rajasthan Royals,Rajasthan Royals,field,Rajasthan Royals,0.0,tie,,,MA Starc,6,20,T20,T20,male,club,252,134,134,134.0,10109.0
1473470,2025,2025,2025-04-17,33.0,Indian Premier League,Mumbai,"Wankhede Stadium, Mumbai",Sunrisers Hyderabad,Mumbai Indians,Mumbai Indians,field,Mumbai Indians,0.0,win,,4.0,WG Jacks,6,20,T20,T20,male,club,2,3,3,3.0,10630.0
1473471,2025,2025,2025-04-18,34.0,Indian Premier League,Bengaluru,"M Chinnaswamy Stadium, Bengaluru",Royal Challengers Bangalore,Punjab Kings,Punjab Kings,field,Punjab Kings,0.0,win,,5.0,TH David,6,20,T20,T20,male,club,1,494,494,494.0,6550.0
1473472,2025,2025,2025-04-19,35.0,Indian Premier League,Ahmedabad,"Narendra Modi Stadium, Ahmedabad",Delhi Capitals,Gujarat Titans,Gujarat Titans,field,Gujarat Titans,0.0,win,,7.0,JC Buttler,6,20,T20,T20,male,club,252,615,615,615.0,24.0
1473473,2025,2025,2025-04-19,36.0,Indian Premier League,Jaipur,"Sawai Mansingh Stadium, Jaipur",Lucknow Super Giants,Rajasthan Royals,Lucknow Super Giants,bat,Lucknow Super Giants,1.0,win,2.0,,Avesh Khan,6,20,T20,T20,male,club,614,134,614,614.0,1286.0
1473474,2025,2025,2025-04-20,37.0,Indian Premier League,Mohali,"Maharaja Yadavindra Singh International Cricket Stadium, New Chandigarh",Punjab Kings,Royal Challengers Bangalore,Royal Challengers Bangalore,field,Royal Challengers Bangalore,0.0,win,,7.0,V Kohli,6,20,T20,T20,male,club,494,1,1,1.0,332.0
1473475,2025,2025,2025-04-20,38.0,Indian Premier League,Mumbai,"Wankhede Stadium, Mumbai",Chennai Super Kings,Mumbai Indians,Mumbai Indians,field,Mumbai Indians,0.0,win,,9.0,RG Sharma,6,20,T20,T20,male,club,129,3,3,3.0,25.0
1473476,2025,2025,2025-04-21,39.0,Indian Premier League,Kolkata,"Eden Gardens, Kolkata",Gujarat Titans,Kolkata Knight Riders,Kolkata Knight Riders,field,Gujarat Titans,1.0,win,39.0,,Shubman Gill,6,20,T20,T20,male,club,615,6,6,615.0,1580.0
1473477,2025,2025,2025-04-22,40.0,Indian Premier League,Lucknow,"Bharat Ratna Shri Atal Bihari Vajpayee Ekana Cricket Stadium, Lucknow",Lucknow Super Giants,Delhi Capitals,Delhi Capitals,field,Delhi Capitals,0.0,win,,8.0,Mukesh Kumar,6,20,T20,T20,male,club,614,252,252,252.0,8355.0
1473478,2025,2025,2025-04-23,41.0,Indian Premier League,Hyderabad,"Rajiv Gandhi International Stadium, Uppal, Hyderabad",Sunrisers Hyderabad,Mumbai Indians,Mumbai Indians,field,Mumbai Indians,0.0,win,,7.0,TA Boult,6,20,T20,T20,male,club,2,3,3,3.0,66.0
1473479,2025,2025,2025-04-24,42.0,Indian Premier League,Bengaluru,"M Chinnaswamy Stadium, Bengaluru",Royal Challengers Bangalore,Rajasthan Royals,Rajasthan Royals,field,Royal Challengers Bangalore,1.0,win,11.0,,JR Hazlewood,6,20,T20,T20,male,club,1,134,134,1.0,4664.0
1473480,2025,2025,2025-04-25,43.0,Indian Premier League,Chennai,"MA Chidambaram Stadium, Chepauk, Chennai",Chennai Super Kings,Sunrisers Hyderabad,Sunrisers Hyderabad,field,Sunrisers Hyderabad,0.0,win,,5.0,HV Patel,6,20,T20,T20,male,club,129,2,2,2.0,1285.0
1473481,2025,2025,2025-04-26,44.0,Indian Premier League,Kolkata,"Eden Gardens, Kolkata",Punjab Kings,Kolkata Knight Riders,Punjab Kings,bat,,,no result,,,,6,20,T20,T20,male,club,494,6,494,,
1473482,2025,2025,2025-04-27,45.0,Indian Premier League,Mumbai,"Wankhede Stadium, Mumbai",Mumbai Indians,Lucknow Super Giants,Lucknow Super Giants,field,Mumbai Indians,1.0,win,54.0,,WG Jacks,6,20,T20,T20,male,club,3,614,614,3.0,10630.0
1473483,2025,2025,2025-04-27,46.0,Indian Premier League,Delhi,"Arun Jaitley Stadium, Delhi",Delhi Capitals,Royal Challengers Bangalore,Royal Challengers Bangalore,field,Royal Challengers Bangalore,0.0,win,,6.0,KH Pandya,6,20,T20,T20,male,club,252,1,1,1.0,28.0
1473484,2025,2025,2025-04-28,47.0,Indian Premier League,Jaipur,"Sawai Mansingh Stadium, Jaipur",Gujarat Titans,Rajasthan Royals,Rajasthan Royals,field,Rajasthan Royals,0.0,win,,8.0,V Suryavanshi,6,20,T20,T20,male,club,615,134,134,134.0,42566.0
1473485,2025,2025,2025-04-29,48.0,Indian Premier League,Delhi,"Arun Jaitley Stadium, Delhi",Kolkata Knight Riders,Delhi Capitals,Delhi Capitals,field,Kolkata Knight Riders,1.0,win,14.0,,SP Narine,6,20,T20,T20,male,club,6,252,252,6.0,65.0
1473486,2025,2025,2025-04-30,49.0,Indian Premier League,Chennai,"MA Chidambaram Stadium, Chepauk, Chennai",Chennai Super Kings,Punjab Kings,Punjab Kings,field,Punjab Kings,0.0,win,,4.0,SS Iyer,6,20,T20,T20,male,club,129,494,494,494.0,389.0
1473487,2025,2025,2025-05-01,50.0,Indian Premier League,Jaipur,"Sawai Mansingh Stadium, Jaipur",Mumbai Indians,Rajasthan Royals,Rajasthan Royals,field,Mumbai Indians,1.0,win,100.0,,RD Rickelton,6,20,T20,T20,male,club,3,134,134,3.0,11801.0
1473488,2025,2025,2025-05-02,51.0,Indian Premier League,Ahmedabad,"Narendra Modi Stadium, Ahmedabad",Gujarat Titans,Sunrisers Hyderabad,Sunrisers Hyderabad,field,Gujarat Titans,1.0,win,38.0,,M Prasidh Krishna,6,20,T20,T20,male,club,615,2,2,615.0,2188.0
1473489,2025,2025,2025-05-03,52.0,Indian Premier League,Bengaluru,"M Chinnaswamy Stadium, Bengaluru",Royal Challengers Bangalore,Chennai Super Kings,Chennai Super Kings,field,Royal Challengers Bangalore,1.0,win,2.0,,R Shepherd,6,20,T20,T20,male,club,1,129,129,1.0,6761.0
1473490,2025,2025,2025-05-04,53.0,Indian Premier League,Kolkata,"Eden Gardens, Kolkata",Kolkata Knight Riders,Rajasthan Royals,Kolkata Knight Riders,bat,Kolkata Knight Riders,1.0,win,1.0,,AD Russell,6,20,T20,T20,male,club,6,134,6,6.0,1437.0
1473491,2025,2025,2025-05-04,54.0,Indian Premier League,Dharamsala,"Himachal Pradesh Cricket Association Stadium, Dharamsala",Punjab Kings,Lucknow Super Giants,Lucknow Super Giants,field,Punjab Kings,1.0,win,37.0,,P Simran Singh,6,20,T20,T20,male,club,494,614,614,494.0,3747.0
1473492,2025,2025,2025-05-05,55.0,Indian Premier League,Hyderabad,"Rajiv Gandhi International Stadium, Uppal, Hyderabad",Delhi Capitals,Sunrisers Hyderabad,Sunrisers Hyderabad,field,,,no result,,,,6,20,T20,T20,male,club,252,2,2,,
1473493,2025,2025,2025-05-06,56.0,Indian Premier League,Mumbai,"Wankhede Stadium, Mumbai",Mumbai Indians,Gujarat Titans,Gujarat Titans,field,Gujarat Titans,0.0,win,,3.0,Shubman Gill,6,20,T20,T20,male,club,3,615,615,615.0,1580.0
1473494,2025,2025,2025-05-07,57.0,Indian Premier League,Kolkata,"Eden Gardens, Kolkata",Kolkata Knight Riders,Chennai Super Kings,Kolkata Knight Riders,bat,Chennai Super Kings,0.0,win,,2.0,Noor Ahmad,6,20,T20,T20,male,club,6,129,6,129.0,8809.0
1473495,2025,2025,2025-05-08,58.0,Indian Premier League,Dharamsala,"Himachal Pradesh Cricket Association Stadium, Dharamsala",Punjab Kings,Delhi Capitals,Punjab Kings,bat,,,no result,,,,6,20,T20,T20,male,club,494,252,494,,
1473497,2025,2025,2025-05-18,59.0,Indian Premier League,Jaipur,"Sawai Mansingh Stadium, Jaipur",Punjab Kings,Rajasthan Royals,Punjab Kings,bat,Punjab Kings,1.0,win,10.0,,Harpreet Brar,6,20,T20,T20,male,club,494,134,494,494.0,3495.0
1473498,2025,2025,2025-05-18,60.0,Indian Premier League,Delhi,"Arun Jaitley Stadium, Delhi",Delhi Capitals,Gujarat Titans,Gujarat Titans,field,Gujarat Titans,0.0,win,,10.0,B Sai Sudharsan,6,20,T20,T20,male,club,252,615,615,615.0,6999.0
1473499,2025,2025,2025-05-19,61.0,Indian Premier League,Lucknow,"Bharat Ratna Shri Atal Bihari Vajpayee Ekana Cricket Stadium, Lucknow",Lucknow Super Giants,Sunrisers Hyderabad,Sunrisers Hyderabad,field,Sunrisers Hyderabad,0.0,win,,6.0,Abhishek Sharma,6,20,T20,T20,male,club,614,2,2,2.0,2349.0
1473500,2025,2025,2025-05-20,62.0,Indian Premier League,Delhi,"Arun Jaitley Stadium, Delhi",Chennai Super Kings,Rajasthan Royals,Rajasthan Royals,field,Rajasthan Royals,0.0,win,,6.0,Akash Madhwal,6,20,T20,T20,male,club,129,134,134,134.0,9371.0
1473501,2025,2025,2025-05-21,63.0,Indian Premier League,Mumbai,"Wankhede Stadium, Mumbai",Mumbai Indians,Delhi Capitals,Delhi Capitals,field,Mumbai Indians,1.0,win,59.0,,SA Yadav,6,20,T20,T20,male,club,3,252,252,3.0,61.0
1473502,2025,2025,2025-05-22,64.0,Indian Premier League,Ahmedabad,"Narendra Modi Stadium, Ahmedabad",Lucknow Super Giants,Gujarat Titans,Gujarat Titans,field,Lucknow Super Giants,1.0,win,33.0,,MR Marsh,6,20,T20,T20,male,club,614,615,615,614.0,4960.0
1473503,2025,2025,2025-05-23,65.0,Indian Premier League,Lucknow,"Bharat Ratna Shri Atal Bihari Vajpayee Ekana Cricket Stadium, Lucknow",Sunrisers Hyderabad,Royal Challengers Bangalore,Royal Challengers Bangalore,field,Sunrisers Hyderabad,1.0,win,42.0,,Ishan Kishan,6,20,T20,T20,male,club,2,1,1,2.0,347.0
1485779,2025,2025,2025-05-24,66.0,Indian Premier League,Jaipur,"Sawai Mansingh Stadium, Jaipur",Punjab Kings,Delhi Capitals,Delhi Capitals,field,Delhi Capitals,0.0,win,,6.0,Sameer Rizvi,6,20,T20,T20,male,club,494,252,252,252.0,10070.0
1473504,2025,2025,2025-05-25,67.0,Indian Premier League,Ahmedabad,"Narendra Modi Stadium, Ahmedabad",Chennai Super Kings,Gujarat Titans,Chennai Super Kings,bat,Chennai Super Kings,1.0,win,83.0,,D Brevis,6,20,T20,T20,male,club,129,615,129,129.0,6944.0
1473505,2025,2025,2025-05-25,68.0,Indian Premier League,Delhi,"Arun Jaitley Stadium, Delhi",Sunrisers Hyderabad,Kolkata Knight Riders,Sunrisers Hyderabad,bat,Sunrisers Hyderabad,1.0,win,110.0,,H Klaasen,6,20,T20,T20,male,club,2,6,2,2.0,1740.0
1473506,2025,2025,2025-05-26,69.0,Indian Premier League,Jaipur,"Sawai Mansingh Stadium, Jaipur",Mumbai Indians,Punjab Kings,Punjab Kings,field,Punjab Kings,0.0,win,,7.0,JP Inglis,6,20,T20,T20,male,club,3,494,494,494.0,42220.0
1473507,2025,2025,2025-05-27,70.0,Indian Premier League,Lucknow,"Bharat Ratna Shri Atal Bihari Vajpayee Ekana Cricket Stadium, Lucknow",Lucknow Super Giants,Royal Challengers Bangalore,Royal Challengers Bangalore,field,Royal Challengers Bangalore,0.0,win,,6.0,JM Sharma,6,20,T20,T20,male,club,614,1,1,1.0,6880.0
1473508,2025,2025,2025-05-29,,Indian Premier League,New Chandigarh,"Maharaja Yadavindra Singh International Cricket Stadium, New Chandigarh",Punjab Kings,Royal Challengers Bangalore,Royal Challengers Bangalore,field,Royal Challengers Bangalore,0.0,win,,8.0,Suyash Sharma,6,20,T20,T20,male,club,494,1,1,1.0,8475.0
1473509,2025,2025,2025-05-30,,Indian Premier League,New Chandigarh,"Maharaja Yadavindra Singh International Cricket Stadium, New Chandigarh",Mumbai Indians,Gujarat Titans,Mumbai Indians,bat,Mumbai Indians,1.0,win,20.0,,RG Sharma,6,20,T20,T20,male,club,3,615,3,3.0,25.0
1473510,2025,2025,2025-06-01,,Indian Premier League,Ahmedabad,"Narendra Modi Stadium, Ahmedabad",Mumbai Indians,Punjab Kings,Punjab Kings,field,Punjab Kings,0.0,win,,5.0,SS Iyer,6,20,T20,T20,male,club,3,494,494,494.0,389.0
1473511,2025,2025,2025-06-03,,Indian Premier League,Ahmedabad,"Narendra Modi Stadium, Ahmedabad",Royal Challengers Bangalore,Punjab Kings,Punjab Kings,field,Royal Challengers Bangalore,1.0,win,6.0,,KH Pandya,6,20,T20,T20,male,club,1,494,494,1.0,28.0
1527674,2026,2026,2026-03-28,1.0,Indian Premier League,Bengaluru,"M Chinnaswamy Stadium, Bengaluru",Sunrisers Hyderabad,Royal Challengers Bangalore,Royal Challengers Bangalore,field,Royal Challengers Bangalore,0.0,win,,6.0,JA Duffy,6,20,T20,T20,male,club,2,1,1,1.0,43967.0
1527675,2026,2026,2026-03-29,2.0,Indian Premier League,Mumbai,"Wankhede Stadium, Mumbai",Kolkata Knight Riders,Mumbai Indians,Mumbai Indians,field,Mumbai Indians,0.0,win,,6.0,SN Thakur,6,20,T20,T20,male,club,6,3,3,3.0,360.0
1527676,2026,2026,2026-03-30,3.0,Indian Premier League,Guwahati,"Barsapara Cricket Stadium, Guwahati",Chennai Super Kings,Rajasthan Royals,Rajasthan Royals,field,Rajasthan Royals,0.0,win,,8.0,N Burger,6,20,T20,T20,male,club,129,134,134,134.0,10135.0
1527677,2026,2026,2026-03-31,4.0,Indian Premier League,New Chandigarh,"Maharaja Yadavindra Singh International Cricket Stadium, New Chandigarh",Gujarat Titans,Punjab Kings,Punjab Kings,field,Punjab Kings,0.0,win,,3.0,C Connolly,6,20,T20,T20,male,club,615,494,494,494.0,44041.0
1527678,2026,2026,2026-04-01,5.0,Indian Premier League,Lucknow,"Bharat Ratna Shri Atal Bihari Vajpayee Ekana Cricket Stadium, Lucknow",Lucknow Super Giants,Delhi Capitals,Delhi Capitals,field,Delhi Capitals,0.0,win,,6.0,Sameer Rizvi,6,20,T20,T20,male,club,614,252,252,252.0,10070.0
1527679,2026,2026,2026-04-02,6.0,Indian Premier League,Kolkata,"Eden Gardens, Kolkata",Sunrisers Hyderabad,Kolkata Knight Riders,Kolkata Knight Riders,field,Sunrisers Hyderabad,1.0,win,65.0,,Nithish Kumar Reddy,6,20,T20,T20,male,club,2,6,6,2.0,9824.0
1527680,2026,2026,2026-04-03,7.0,Indian Premier League,Chennai,"MA Chidambaram Stadium, Chepauk, Chennai",Chennai Super Kings,Punjab Kings,Punjab Kings,field,Punjab Kings,0.0,win,,5.0,Priyansh Arya,6,20,T20,T20,male,club,129,494,494,494.0,11847.0
1527681,2026,2026,2026-04-04,8.0,Indian Premier League,Delhi,"Arun Jaitley Stadium, Delhi",Mumbai Indians,Delhi Capitals,Delhi Capitals,field,Delhi Capitals,0.0,win,,6.0,Sameer Rizvi,6,20,T20,T20,male,club,3,252,252,252.0,10070.0
1527682,2026,2026,2026-04-04,9.0,Indian Premier League,Ahmedabad,"Narendra Modi Stadium, Ahmedabad",Rajasthan Royals,Gujarat Titans,Rajasthan Royals,bat,Rajasthan Royals,1.0,win,6.0,,Ravi Bishnoi,6,20,T20,T20,male,club,134,615,134,134.0,4059.0
1527683,2026,2026,2026-04-05,10.0,Indian Premier League,Hyderabad,"Rajiv Gandhi International Stadium, Uppal, Hyderabad",Sunrisers Hyderabad,Lucknow Super Giants,Lucknow Super Giants,field,Lucknow Super Giants,0.0,win,,5.0,Mohammed Shami,6,20,T20,T20,male,club,2,614,614,614.0,460.0
1527684,2026,2026,2026-04-05,11.0,Indian Premier League,Bengaluru,"M Chinnaswamy Stadium, Bengaluru",Royal Challengers Bangalore,Chennai Super Kings,Chennai Super Kings,field,Royal Challengers Bangalore,1.0,win,43.0,,TH David,6,20,T20,T20,male,club,1,129,129,1.0,6550.0
1527685,2026,2026,2026-04-06,12.0,Indian Premier League,Kolkata,"Eden Gardens, Kolkata",Kolkata Knight Riders,Punjab Kings,Kolkata Knight Riders,bat,,,no result,,,,6,20,T20,T20,male,club,6,494,6,,
1527686,2026,2026,2026-04-07,13.0,Indian Premier League,Guwahati,"Barsapara Cricket Stadium, Guwahati",Rajasthan Royals,Mumbai Indians,Mumbai Indians,field,Rajasthan Royals,1.0,win,27.0,,YBK Jaiswal,6,20,T20,T20,male,club,134,3,3,134.0,4104.0
1527687,2026,2026,2026-04-08,14.0,Indian Premier League,Delhi,"Arun Jaitley Stadium, Delhi",Gujarat Titans,Delhi Capitals,Delhi Capitals,field,Gujarat Titans,1.0,win,1.0,,Rashid Khan,6,20,T20,T20,male,club,615,252,252,615.0,22.0
1527688,2026,2026,2026-04-09,15.0,Indian Premier League,Kolkata,"Eden Gardens, Kolkata",Kolkata Knight Riders,Lucknow Super Giants,Lucknow Super Giants,field,Lucknow Super Giants,0.0,win,,3.0,MD Choudhary,6,20,T20,T20,male,club,6,614,614,614.0,44056.0
1527689,2026,2026,2026-04-10,16.0,Indian Premier League,Guwahati,"Barsapara Cricket Stadium, Guwahati",Royal Challengers Bangalore,Rajasthan Royals,Rajasthan Royals,field,Rajasthan Royals,0.0,win,,6.0,V Suryavanshi,6,20,T20,T20,male,club,1,134,134,134.0,42566.0
1527690,2026,2026,2026-04-11,17.0,Indian Premier League,New Chandigarh,"Maharaja Yadavindra Singh International Cricket Stadium, New Chandigarh",Sunrisers Hyderabad,Punjab Kings,Punjab Kings,field,Punjab Kings,0.0,win,,6.0,SS Iyer,6,20,T20,T20,male,club,2,494,494,494.0,389.0
1527691,2026,2026,2026-04-11,18.0,Indian Premier League,Chennai,"MA Chidambaram Stadium, Chepauk, Chennai",Chennai Super Kings,Delhi Capitals,Delhi Capitals,field,Chennai Super Kings,1.0,win,23.0,,SV Samson,6,20,T20,T20,male,club,129,252,252,129.0,180.0
1527692,2026,2026,2026-04-12,19.0,Indian Premier League,Lucknow,"Bharat Ratna Shri Atal Bihari Vajpayee Ekana Cricket Stadium, Lucknow",Lucknow Super Giants,Gujarat Titans,Gujarat Titans,field,Gujarat Titans,0.0,win,,7.0,M Prasidh Krishna,6,20,T20,T20,male,club,614,615,615,615.0,2188.0
1527693,2026,2026,2026-04-12,20.0,Indian Premier League,Mumbai,"Wankhede Stadium, Mumbai",Royal Challengers Bangalore,Mumbai Indians,Mumbai Indians,field,Royal Challengers Bangalore,1.0,win,18.0,,PD Salt,6,20,T20,T20,male,club,1,3,3,1.0,8945.0
1529264,2026,2026,2026-04-13,21.0,Indian Premier League,Hyderabad,"Rajiv Gandhi International Stadium, Uppal, Hyderabad",Sunrisers Hyderabad,Rajasthan Royals,Rajasthan Royals,field,Sunrisers Hyderabad,1.0,win,57.0,,PP Hinge,6,20,T20,T20,male,club,2,134,134,2.0,44775.0
1529265,2026,2026,2026-04-14,22.0,Indian Premier League,Chennai,"MA Chidambaram Stadium, Chepauk, Chennai",Chennai Super Kings,Kolkata Knight Riders,Kolkata Knight Riders,field,Chennai Super Kings,1.0,win,32.0,,Noor Ahmad,6,20,T20,T20,male,club,129,6,6,129.0,8809.0
1529266,2026,2026,2026-04-15,23.0,Indian Premier League,Bengaluru,"M Chinnaswamy Stadium, Bengaluru",Lucknow Super Giants,Royal Challengers Bangalore,Royal Challengers Bangalore,field,Royal Challengers Bangalore,0.0,win,,5.0,JR Hazlewood,6,20,T20,T20,male,club,614,1,1,1.0,4664.0
1529267,2026,2026,2026-04-16,24.0,Indian Premier League,Mumbai,"Wankhede Stadium, Mumbai",Mumbai Indians,Punjab Kings,Punjab Kings,field,Punjab Kings,0.0,win,,7.0,Arshdeep Singh,6,20,T20,T20,male,club,3,494,494,494.0,3388.0
1529268,2026,2026,2026-04-17,25.0,Indian Premier League,Ahmedabad,"Narendra Modi Stadium, Ahmedabad",Kolkata Knight Riders,Gujarat Titans,Kolkata Knight Riders,bat,Gujarat Titans,0.0,win,,5.0,Shubman Gill,6,20,T20,T20,male,club,6,615,6,615.0,1580.0
1529269,2026,2026,2026-04-18,26.0,Indian Premier League,Bengaluru,"M Chinnaswamy Stadium, Bengaluru",Royal Challengers Bangalore,Delhi Capitals,Delhi Capitals,field,Delhi Capitals,0.0,win,,6.0,T Stubbs,6,20,T20,T20,male,club,1,252,252,252.0,7947.0
1529270,2026,2026,2026-04-18,27.0,Indian Premier League,Hyderabad,"Rajiv Gandhi International Stadium, Uppal, Hyderabad",Sunrisers Hyderabad,Chennai Super Kings,Chennai Super Kings,field,Sunrisers Hyderabad,1.0,win,10.0,,E Malinga,6,20,T20,T20,male,club,2,129,129,2.0,42133.0
1529271,2026,2026,2026-04-19,28.0,Indian Premier League,Kolkata,"Eden Gardens, Kolkata",Rajasthan Royals,Kolkata Knight Riders,Rajasthan Royals,bat,Kolkata Knight Riders,0.0,win,,4.0,CV Varun,6,20,T20,T20,male,club,134,6,134,6.0,2825.0
1529272,2026,2026,2026-04-19,29.0,Indian Premier League,New Chandigarh,"Maharaja Yadavindra Singh International Cricket Stadium, New Chandigarh",Punjab Kings,Lucknow Super Giants,Lucknow Super Giants,field,Punjab Kings,1.0,win,54.0,,Priyansh Arya,6,20,T20,T20,male,club,494,614,614,494.0,11847.0
1529273,2026,2026,2026-04-20,30.0,Indian Premier League,Ahmedabad,"Narendra Modi Stadium, Ahmedabad",Mumbai Indians,Gujarat Titans,Gujarat Titans,field,Mumbai Indians,1.0,win,99.0,,Tilak Varma,6,20,T20,T20,male,club,3,615,615,3.0,6681.0
1529274,2026,2026,2026-04-21,31.0,Indian Premier League,Hyderabad,"Rajiv Gandhi International Stadium, Uppal, Hyderabad",Sunrisers Hyderabad,Delhi Capitals,Delhi Capitals,field,Sunrisers Hyderabad,1.0,win,47.0,,Abhishek Sharma,6,20,T20,T20,male,club,2,252,252,2.0,2349.0
1529275,2026,2026,2026-04-22,32.0,Indian Premier League,Lucknow,"Bharat Ratna Shri Atal Bihari Vajpayee Ekana Cricket Stadium, Lucknow",Rajasthan Royals,Lucknow Super Giants,Lucknow Super Giants,field,Rajasthan Royals,1.0,win,40.0,,RA Jadeja,6,20,T20,T20,male,club,134,614,614,134.0,348.0
1529276,2026,2026,2026-04-23,33.0,Indian Premier League,Mumbai,"Wankhede Stadium, Mumbai",Chennai Super Kings,Mumbai Indians,Mumbai Indians,field,Chennai Super Kings,1.0,win,103.0,,SV Samson,6,20,T20,T20,male,club,129,3,3,129.0,180.0
1529277,2026,2026,2026-04-24,34.0,Indian Premier League,Bengaluru,"M Chinnaswamy Stadium, Bengaluru",Gujarat Titans,Royal Challengers Bangalore,Royal Challengers Bangalore,field,Royal Challengers Bangalore,0.0,win,,5.0,V Kohli,6,20,T20,T20,male,club,615,1,1,1.0,332.0
1529278,2026,2026,2026-04-25,35.0,Indian Premier League,Delhi,"Arun Jaitley Stadium, Delhi",Delhi Capitals,Punjab Kings,Delhi Capitals,bat,Punjab Kings,0.0,win,,6.0,KL Rahul,6,20,T20,T20,male,club,252,494,252,494.0,1409.0
1529279,2026,2026,2026-04-25,36.0,Indian Premier League,Jaipur,"Sawai Mansingh Stadium, Jaipur",Rajasthan Royals,Sunrisers Hyderabad,Sunrisers Hyderabad,field,Sunrisers Hyderabad,0.0,win,,5.0,Ishan Kishan,6,20,T20,T20,male,club,134,2,2,2.0,347.0
1529280,2026,2026,2026-04-26,37.0,Indian Premier League,Chennai,"MA Chidambaram Stadium, Chepauk, Chennai",Chennai Super Kings,Gujarat Titans,Gujarat Titans,field,Gujarat Titans,0.0,win,,8.0,K Rabada,6,20,T20,T20,male,club,129,615,615,615.0,590.0
1529281,2026,2026,2026-04-26,38.0,Indian Premier League,Lucknow,"Bharat Ratna Shri Atal Bihari Vajpayee Ekana Cricket Stadium, Lucknow",Kolkata Knight Riders,Lucknow Super Giants,Lucknow Super Giants,field,Lucknow Super Giants,0.0,tie,,,RK Singh,6,20,T20,T20,male,club,6,614,614,614.0,1436.0
1529282,2026,2026,2026-04-27,39.0,Indian Premier League,Delhi,"Arun Jaitley Stadium, Delhi",Delhi Capitals,Royal Challengers Bangalore,Royal Challengers Bangalore,field,Royal Challengers Bangalore,0.0,win,,9.0,JR Hazlewood,6,20,T20,T20,male,club,252,1,1,1.0,4664.0
1529283,2026,2026,2026-04-28,40.0,Indian Premier League,New Chandigarh,"Maharaja Yadavindra Singh International Cricket Stadium, New Chandigarh",Punjab Kings,Rajasthan Royals,Rajasthan Royals,field,Rajasthan Royals,0.0,win,,6.0,D Ferreira,6,20,T20,T20,male,club,494,134,134,134.0,11389.0
1529284,2026,2026,2026-04-29,41.0,Indian Premier League,Mumbai,"Wankhede Stadium, Mumbai",Mumbai Indians,Sunrisers Hyderabad,Mumbai Indians,bat,Sunrisers Hyderabad,0.0,win,,6.0,H Klaasen,6,20,T20,T20,male,club,3,2,3,2.0,1740.0
1529285,2026,2026,2026-04-30,42.0,Indian Premier League,Ahmedabad,"Narendra Modi Stadium, Ahmedabad",Royal Challengers Bangalore,Gujarat Titans,Gujarat Titans,field,Gujarat Titans,0.0,win,,4.0,JO Holder,6,20,T20,T20,male,club,1,615,615,615.0,4098.0
1529286,2026,2026,2026-05-01,43.0,Indian Premier League,Jaipur,"Sawai Mansingh Stadium, Jaipur",Rajasthan Royals,Delhi Capitals,Rajasthan Royals,bat,Delhi Capitals,0.0,win,,7.0,KL Rahul,6,20,T20,T20,male,club,134,252,134,252.0,1409.0
